"","Location","year","Total.Both","Universal.Credit.or.Child.Tax.Credits","Proportion.Both","Total.Universal.Credit","Universal.Credit","Proportion.Universal.Credit","Total.Child.Tax.Credit","Child.Tax.Credit","Proportion.Child.Tax.Credit","Local.authority","children_in_care"
"1","
 Derby",2018,NA,NA,NA,NA,NA,NA,NA,"400",NA,"DERBY","491"
"2","
 Leicester",2018,NA,NA,NA,NA,NA,NA,NA,"710",NA,"LEICESTER","676"
"3","
 Nottingham",2018,NA,NA,NA,NA,NA,NA,NA,"590",NA,"NOTTINGHAM","616"
"4","
 Rutland",2018,NA,NA,NA,NA,NA,NA,NA,"20",NA,"RUTLAND","30"
"5","
 Bedford",2018,NA,NA,NA,NA,NA,NA,NA,"190",NA,"BEDFORD","239"
"6","
 Central Bedfordshire",2018,NA,NA,NA,NA,NA,NA,NA,"180",NA,"CENTRAL BEDFORDSHIRE","313"
"7","
 Luton",2018,NA,NA,NA,NA,NA,NA,NA,"490",NA,"LUTON","379"
"8","
 Peterborough",2018,NA,NA,NA,NA,NA,NA,NA,"410",NA,"PETERBOROUGH","369"
"9","
 Thurrock",2018,NA,NA,NA,NA,NA,NA,NA,"200",NA,"THURROCK","299"
"10","
 Barking and Dagenham",2018,NA,NA,NA,NA,NA,NA,NA,"490",NA,"BARKING AND DAGENHAM","409"
"11","
 Barnet",2018,NA,NA,NA,NA,NA,NA,NA,"360",NA,"BARNET","328"
"12","
 Bexley",2018,NA,NA,NA,NA,NA,NA,NA,"200",NA,"BEXLEY","240"
"13","
 Brent",2018,NA,NA,NA,NA,NA,NA,NA,"490",NA,"BRENT","317"
"14","
 Bromley",2018,NA,NA,NA,NA,NA,NA,NA,"210",NA,"BROMLEY","310"
"15","
 Camden",2018,NA,NA,NA,NA,NA,NA,NA,"200",NA,"CAMDEN","201"
"16","
 Croydon",2018,NA,NA,NA,NA,NA,NA,NA,"340",NA,"CROYDON","772"
"17","
 Ealing",2018,NA,NA,NA,NA,NA,NA,NA,"430",NA,"EALING","341"
"18","
 Enfield",2018,NA,NA,NA,NA,NA,NA,NA,"570",NA,"ENFIELD","330"
"19","
 Greenwich",2018,NA,NA,NA,NA,NA,NA,NA,"400",NA,"GREENWICH","497"
"20","
 Hackney",2018,NA,NA,NA,NA,NA,NA,NA,"680",NA,"HACKNEY","382"
"21","
 Hammersmith and Fulham",2018,NA,NA,NA,NA,NA,NA,NA,"120",NA,"HAMMERSMITH AND FULHAM","226"
"22","
 Haringey",2018,NA,NA,NA,NA,NA,NA,NA,"340",NA,"HARINGEY","433"
"23","
 Harrow",2018,NA,NA,NA,NA,NA,NA,NA,"280",NA,"HARROW","160"
"24","
 Havering",2018,NA,NA,NA,NA,NA,NA,NA,"240",NA,"HAVERING","251"
"25","
 Hillingdon",2018,NA,NA,NA,NA,NA,NA,NA,"370",NA,"HILLINGDON","291"
"26","
 Hounslow",2018,NA,NA,NA,NA,NA,NA,NA,"240",NA,"HOUNSLOW","248"
"27","
 Islington",2018,NA,NA,NA,NA,NA,NA,NA,"220",NA,"ISLINGTON","335"
"28","
 Kensington and Chelsea",2018,NA,NA,NA,NA,NA,NA,NA,"60",NA,"KENSINGTON AND CHELSEA","85"
"29","
 Kingston upon Thames",2018,NA,NA,NA,NA,NA,NA,NA,"100",NA,"KINGSTON UPON THAMES","135"
"30","
 Lambeth",2018,NA,NA,NA,NA,NA,NA,NA,"320",NA,"LAMBETH","411"
"31","
 Lewisham",2018,NA,NA,NA,NA,NA,NA,NA,"380",NA,"LEWISHAM","480"
"32","
 Merton",2018,NA,NA,NA,NA,NA,NA,NA,"150",NA,"MERTON","155"
"33","
 Newham",2018,NA,NA,NA,NA,NA,NA,NA,"660",NA,"NEWHAM","405"
"34","
 Redbridge",2018,NA,NA,NA,NA,NA,NA,NA,"370",NA,"REDBRIDGE","223"
"35","
 Richmond upon Thames",2018,NA,NA,NA,NA,NA,NA,NA,"60",NA,"RICHMOND UPON THAMES","104"
"36","
 Southwark",2018,NA,NA,NA,NA,NA,NA,NA,"310",NA,"SOUTHWARK","491"
"37","
 Sutton",2018,NA,NA,NA,NA,NA,NA,NA,"100",NA,"SUTTON","215"
"38","
 Tower Hamlets",2018,NA,NA,NA,NA,NA,NA,NA,"580",NA,"TOWER HAMLETS","286"
"39","
 Waltham Forest",2018,NA,NA,NA,NA,NA,NA,NA,"350",NA,"WALTHAM FOREST","296"
"40","
 Wandsworth",2018,NA,NA,NA,NA,NA,NA,NA,"240",NA,"WANDSWORTH","309"
"41","
 Westminster",2018,NA,NA,NA,NA,NA,NA,NA,"150",NA,"WESTMINSTER","204"
"42","
 County Durham",2018,NA,NA,NA,NA,NA,NA,NA,"510",NA,"DURHAM","803"
"43","
 Darlington",2018,NA,NA,NA,NA,NA,NA,NA,"110",NA,"DARLINGTON","214"
"44","
 Gateshead",2018,NA,NA,NA,NA,NA,NA,NA,"210",NA,"GATESHEAD","395"
"45","
 Hartlepool",2018,NA,NA,NA,NA,NA,NA,NA,"90",NA,"HARTLEPOOL","278"
"46","
 Newcastle upon Tyne",2018,NA,NA,NA,NA,NA,NA,NA,"320",NA,"NEWCASTLE UPON TYNE","566"
"47","
 North Tyneside",2018,NA,NA,NA,NA,NA,NA,NA,"170",NA,"NORTH TYNESIDE","282"
"48","
 Northumberland",2018,NA,NA,NA,NA,NA,NA,NA,"220",NA,"NORTHUMBERLAND","386"
"49","
 Redcar and Cleveland",2018,NA,NA,NA,NA,NA,NA,NA,"160",NA,"REDCAR AND CLEVELAND","283"
"50","
 South Tyneside",2018,NA,NA,NA,NA,NA,NA,NA,"180",NA,"SOUTH TYNESIDE","319"
"51","
 Sunderland",2018,NA,NA,NA,NA,NA,NA,NA,"330",NA,"SUNDERLAND","581"
"52","
 Blackburn with Darwen",2018,NA,NA,NA,NA,NA,NA,NA,"300",NA,"BLACKBURN WITH DARWEN","375"
"53","
 Blackpool",2018,NA,NA,NA,NA,NA,NA,NA,"210",NA,"BLACKPOOL","533"
"54","
 Bolton",2018,NA,NA,NA,NA,NA,NA,NA,"500",NA,"BOLTON","615"
"55","
 Bury",2018,NA,NA,NA,NA,NA,NA,NA,"260",NA,"BURY","333"
"56","
 Cheshire East",2018,NA,NA,NA,NA,NA,NA,NA,"250",NA,"CHESHIRE EAST","476"
"57","
 Cheshire West and Chester",2018,NA,NA,NA,NA,NA,NA,NA,"250",NA,"CHESHIRE WEST AND CHESTER","488"
"58","
 Halton",2018,NA,NA,NA,NA,NA,NA,NA,"100",NA,"HALTON","262"
"59","
 Knowsley",2018,NA,NA,NA,NA,NA,NA,NA,"200",NA,"KNOWSLEY","288"
"60","
 Liverpool",2018,NA,NA,NA,NA,NA,NA,NA,"560",NA,"LIVERPOOL","1190"
"61","
 Manchester",2018,NA,NA,NA,NA,NA,NA,NA,"1110",NA,"MANCHESTER","1257"
"62","
 Oldham",2018,NA,NA,NA,NA,NA,NA,NA,"470",NA,"OLDHAM","551"
"63","
 Rochdale",2018,NA,NA,NA,NA,NA,NA,NA,"370",NA,"ROCHDALE","497"
"64","
 Salford",2018,NA,NA,NA,NA,NA,NA,NA,"460",NA,"SALFORD","572"
"65","
 Sefton",2018,NA,NA,NA,NA,NA,NA,NA,"230",NA,"SEFTON","480"
"66","
 Stockport",2018,NA,NA,NA,NA,NA,NA,NA,"200",NA,"STOCKPORT","362"
"67","
 Tameside",2018,NA,NA,NA,NA,NA,NA,NA,"340",NA,"TAMESIDE","617"
"68","
 Trafford",2018,NA,NA,NA,NA,NA,NA,NA,"160",NA,"TRAFFORD","383"
"69","
 Warrington",2018,NA,NA,NA,NA,NA,NA,NA,"120",NA,"WARRINGTON","401"
"70","
 Wigan",2018,NA,NA,NA,NA,NA,NA,NA,"310",NA,"WIGAN","479"
"71","
 Bracknell Forest",2018,NA,NA,NA,NA,NA,NA,NA,"70",NA,"BRACKNELL FOREST","138"
"72","
 Brighton and Hove",2018,NA,NA,NA,NA,NA,NA,NA,"150",NA,"BRIGHTON AND HOVE","419"
"73","
 Isle of Wight",2018,NA,NA,NA,NA,NA,NA,NA,"130",NA,"ISLE OF WIGHT","225"
"74","
 Medway",2018,NA,NA,NA,NA,NA,NA,NA,"370",NA,"MEDWAY","414"
"75","
 Milton Keynes",2018,NA,NA,NA,NA,NA,NA,NA,"350",NA,"MILTON KEYNES","394"
"76","
 Portsmouth",2018,NA,NA,NA,NA,NA,NA,NA,"250",NA,"PORTSMOUTH","415"
"77","
 Reading",2018,NA,NA,NA,NA,NA,NA,NA,"180",NA,"READING","277"
"78","
 Slough",2018,NA,NA,NA,NA,NA,NA,NA,"280",NA,"SLOUGH","206"
"79","
 Southampton",2018,NA,NA,NA,NA,NA,NA,NA,"280",NA,"SOUTHAMPTON","522"
"80","
 West Berkshire",2018,NA,NA,NA,NA,NA,NA,NA,"90",NA,"WEST BERKSHIRE","145"
"81","
 Windsor and Maidenhead",2018,NA,NA,NA,NA,NA,NA,NA,"70",NA,"WINDSOR AND MAIDENHEAD","107"
"82","
 Wokingham",2018,NA,NA,NA,NA,NA,NA,NA,"60",NA,"WOKINGHAM","106"
"83","
 Bath and North East Somerset",2018,NA,NA,NA,NA,NA,NA,NA,"70",NA,"BATH AND NORTH EAST SOMERSET","169"
"84","
 Bournemouth",2018,NA,NA,NA,NA,NA,NA,NA,"140",NA,"BOURNEMOUTH","246"
"85","
 Cornwall",2018,NA,NA,NA,NA,NA,NA,NA,"500",NA,"CORNWALL","465"
"86","
 North Somerset",2018,NA,NA,NA,NA,NA,NA,NA,"110",NA,"NORTH SOMERSET","236"
"87","
 Plymouth",2018,NA,NA,NA,NA,NA,NA,NA,"260",NA,"PLYMOUTH","418"
"88","
 Poole",2018,NA,NA,NA,NA,NA,NA,NA,"120",NA,"POOLE","190"
"89","
 Swindon",2018,NA,NA,NA,NA,NA,NA,NA,"150",NA,"SWINDON","360"
"90","
 Torbay",2018,NA,NA,NA,NA,NA,NA,NA,"130",NA,"TORBAY","328"
"91","
 Wiltshire",2018,NA,NA,NA,NA,NA,NA,NA,"280",NA,"WILTSHIRE","444"
"92","
 Birmingham",2018,NA,NA,NA,NA,NA,NA,NA,"2690",NA,"BIRMINGHAM","1921"
"93","
 Coventry",2018,NA,NA,NA,NA,NA,NA,NA,"540",NA,"COVENTRY","653"
"94","
 Dudley",2018,NA,NA,NA,NA,NA,NA,NA,"370",NA,"DUDLEY","662"
"95","
 Sandwell",2018,NA,NA,NA,NA,NA,NA,NA,"670",NA,"SANDWELL","751"
"96","
 Shropshire",2018,NA,NA,NA,NA,NA,NA,NA,"210",NA,"SHROPSHIRE","338"
"97","
 Solihull",2018,NA,NA,NA,NA,NA,NA,NA,"190",NA,"SOLIHULL","412"
"98","
 Telford and Wrekin",2018,NA,NA,NA,NA,NA,NA,NA,"330",NA,"TELFORD AND WREKIN","370"
"99","
 Walsall",2018,NA,NA,NA,NA,NA,NA,NA,"570",NA,"WALSALL","636"
"100","
 Wolverhampton",2018,NA,NA,NA,NA,NA,NA,NA,"460",NA,"WOLVERHAMPTON","649"
"101","
 Barnsley",2018,NA,NA,NA,NA,NA,NA,NA,"300",NA,"BARNSLEY","310"
"102","
 Bradford",2018,NA,NA,NA,NA,NA,NA,NA,"1200",NA,"BRADFORD","986"
"103","
 Calderdale",2018,NA,NA,NA,NA,NA,NA,NA,"280",NA,"CALDERDALE","297"
"104","
 Doncaster",2018,NA,NA,NA,NA,NA,NA,NA,"400",NA,"DONCASTER","568"
"105","
 East Riding of Yorkshire",2018,NA,NA,NA,NA,NA,NA,NA,"210",NA,"EAST RIDING OF YORKSHIRE","312"
"106","
 Kirklees",2018,NA,NA,NA,NA,NA,NA,NA,"640",NA,"KIRKLEES","673"
"107","
 Leeds",2018,NA,NA,NA,NA,NA,NA,NA,"1090",NA,"LEEDS","1267"
"108","
 North East Lincolnshire",2018,NA,NA,NA,NA,NA,NA,NA,"220",NA,"NORTH EAST LINCOLNSHIRE","354"
"109","
 North Lincolnshire",2018,NA,NA,NA,NA,NA,NA,NA,"200",NA,"NORTH LINCOLNSHIRE","226"
"110","
 Rotherham",2018,NA,NA,NA,NA,NA,NA,NA,"360",NA,"ROTHERHAM","620"
"111","
 Sheffield",2018,NA,NA,NA,NA,NA,NA,NA,"730",NA,"SHEFFIELD","628"
"112","
 Wakefield",2018,NA,NA,NA,NA,NA,NA,NA,"440",NA,"WAKEFIELD","557"
"113","
 York",2018,NA,NA,NA,NA,NA,NA,NA,"100",NA,"YORK","195"
"114","
 Derby",2019,NA,NA,NA,NA,NA,NA,NA,"780",NA,"DERBY","562"
"115","
 Leicester",2019,NA,NA,NA,NA,NA,NA,NA,"1400",NA,"LEICESTER","642"
"116","
 Nottingham",2019,NA,NA,NA,NA,NA,NA,NA,"1220",NA,"NOTTINGHAM","628"
"117","
 Rutland",2019,NA,NA,NA,NA,NA,NA,NA,"30",NA,"RUTLAND","33"
"118","
 Bedford",2019,NA,NA,NA,NA,NA,NA,NA,"350",NA,"BEDFORD","232"
"119","
 Central Bedfordshire",2019,NA,NA,NA,NA,NA,NA,NA,"380",NA,"CENTRAL BEDFORDSHIRE","320"
"120","
 Luton",2019,NA,NA,NA,NA,NA,NA,NA,"980",NA,"LUTON","406"
"121","
 Peterborough",2019,NA,NA,NA,NA,NA,NA,NA,"790",NA,"PETERBOROUGH","374"
"122","
 Thurrock",2019,NA,NA,NA,NA,NA,NA,NA,"380",NA,"THURROCK","290"
"123","
 Barking and Dagenham",2019,NA,NA,NA,NA,NA,NA,NA,"960",NA,"BARKING AND DAGENHAM","414"
"124","
 Barnet",2019,NA,NA,NA,NA,NA,NA,NA,"820",NA,"BARNET","312"
"125","
 Bexley",2019,NA,NA,NA,NA,NA,NA,NA,"430",NA,"BEXLEY","227"
"126","
 Brent",2019,NA,NA,NA,NA,NA,NA,NA,"980",NA,"BRENT","300"
"127","
 Bromley",2019,NA,NA,NA,NA,NA,NA,NA,"420",NA,"BROMLEY","348"
"128","
 Camden",2019,NA,NA,NA,NA,NA,NA,NA,"410",NA,"CAMDEN","189"
"129","Croydon",2019,NA,NA,NA,NA,NA,NA,NA,"690",NA,"CROYDON","818"
"130","
 Ealing",2019,NA,NA,NA,NA,NA,NA,NA,"840",NA,"EALING","351"
"131","
 Enfield",2019,NA,NA,NA,NA,NA,NA,NA,"1090",NA,"ENFIELD","374"
"132","
 Greenwich",2019,NA,NA,NA,NA,NA,NA,NA,"770",NA,"GREENWICH","479"
"133","
 Hackney",2019,NA,NA,NA,NA,NA,NA,NA,"1480",NA,"HACKNEY","405"
"134","
 Hammersmith and Fulham",2019,NA,NA,NA,NA,NA,NA,NA,"230",NA,"HAMMERSMITH AND FULHAM","246"
"135","
 Haringey",2019,NA,NA,NA,NA,NA,NA,NA,"740",NA,"HARINGEY","428"
"136","
 Harrow",2019,NA,NA,NA,NA,NA,NA,NA,"650",NA,"HARROW","170"
"137","
 Havering",2019,NA,NA,NA,NA,NA,NA,NA,"490",NA,"HAVERING","247"
"138","
 Hillingdon",2019,NA,NA,NA,NA,NA,NA,NA,"730",NA,"HILLINGDON","326"
"139","
 Hounslow",2019,NA,NA,NA,NA,NA,NA,NA,"440",NA,"HOUNSLOW","277"
"140","
 Islington",2019,NA,NA,NA,NA,NA,NA,NA,"440",NA,"ISLINGTON","313"
"141","
 Kensington and Chelsea",2019,NA,NA,NA,NA,NA,NA,NA,"110",NA,"KENSINGTON AND CHELSEA","93"
"142","
 Kingston upon Thames",2019,NA,NA,NA,NA,NA,NA,NA,"200",NA,"KINGSTON UPON THAMES","131"
"143","
 Lambeth",2019,NA,NA,NA,NA,NA,NA,NA,"620",NA,"LAMBETH","349"
"144","
 Lewisham",2019,NA,NA,NA,NA,NA,NA,NA,"800",NA,"LEWISHAM","484"
"145","
 Merton",2019,NA,NA,NA,NA,NA,NA,NA,"300",NA,"MERTON","159"
"146","
 Newham",2019,NA,NA,NA,NA,NA,NA,NA,"1390",NA,"NEWHAM","380"
"147","
 Redbridge",2019,NA,NA,NA,NA,NA,NA,NA,"760",NA,"REDBRIDGE","236"
"148","
 Richmond upon Thames",2019,NA,NA,NA,NA,NA,NA,NA,"140",NA,"RICHMOND UPON THAMES","115"
"149","
 Southwark",2019,NA,NA,NA,NA,NA,NA,NA,"560",NA,"SOUTHWARK","460"
"150","
 Sutton",2019,NA,NA,NA,NA,NA,NA,NA,"210",NA,"SUTTON","237"
"151","
 Tower Hamlets",2019,NA,NA,NA,NA,NA,NA,NA,"1170",NA,"TOWER HAMLETS","329"
"152","
 Waltham Forest",2019,NA,NA,NA,NA,NA,NA,NA,"730",NA,"WALTHAM FOREST","285"
"153","
 Wandsworth",2019,NA,NA,NA,NA,NA,NA,NA,"490",NA,"WANDSWORTH","309"
"154","
 Westminster",2019,NA,NA,NA,NA,NA,NA,NA,"280",NA,"WESTMINSTER","210"
"155","
 County Durham",2019,NA,NA,NA,NA,NA,NA,NA,"1010",NA,"DURHAM","845"
"156","
 Darlington",2019,NA,NA,NA,NA,NA,NA,NA,"220",NA,"DARLINGTON","264"
"157","
 Gateshead",2019,NA,NA,NA,NA,NA,NA,NA,"420",NA,"GATESHEAD","379"
"158","
 Middlesbrough",2019,NA,NA,NA,NA,NA,NA,NA,"610",NA,"MIDDLESBROUGH","518"
"159","
 Newcastle upon Tyne",2019,NA,NA,NA,NA,NA,NA,NA,"600",NA,"NEWCASTLE UPON TYNE","678"
"160","
 North Tyneside",2019,NA,NA,NA,NA,NA,NA,NA,"320",NA,"NORTH TYNESIDE","308"
"161","
 Northumberland",2019,NA,NA,NA,NA,NA,NA,NA,"500",NA,"NORTHUMBERLAND","370"
"162","
 Redcar and Cleveland",2019,NA,NA,NA,NA,NA,NA,NA,"320",NA,"REDCAR AND CLEVELAND","297"
"163","
 South Tyneside",2019,NA,NA,NA,NA,NA,NA,NA,"320",NA,"SOUTH TYNESIDE","306"
"164","
 Sunderland",2019,NA,NA,NA,NA,NA,NA,NA,"620",NA,"SUNDERLAND","594"
"165","
 Blackburn with Darwen",2019,NA,NA,NA,NA,NA,NA,NA,"610",NA,"BLACKBURN WITH DARWEN","400"
"166","
 Blackpool",2019,NA,NA,NA,NA,NA,NA,NA,"410",NA,"BLACKPOOL","568"
"167","
 Bolton",2019,NA,NA,NA,NA,NA,NA,NA,"1040",NA,"BOLTON","644"
"168","
 Bury",2019,NA,NA,NA,NA,NA,NA,NA,"530",NA,"BURY","335"
"169","
 Cheshire East",2019,NA,NA,NA,NA,NA,NA,NA,"480",NA,"CHESHIRE EAST","485"
"170","
 Cheshire West and Chester",2019,NA,NA,NA,NA,NA,NA,NA,"480",NA,"CHESHIRE WEST AND CHESTER","477"
"171","
 Halton",2019,NA,NA,NA,NA,NA,NA,NA,"200",NA,"HALTON","265"
"172","
 Knowsley",2019,NA,NA,NA,NA,NA,NA,NA,"390",NA,"KNOWSLEY","301"
"173","
 Liverpool",2019,NA,NA,NA,NA,NA,NA,NA,"1180",NA,"LIVERPOOL","1331"
"174","
 Manchester",2019,NA,NA,NA,NA,NA,NA,NA,"2180",NA,"MANCHESTER","1290"
"175","
 Oldham",2019,NA,NA,NA,NA,NA,NA,NA,"970",NA,"OLDHAM","512"
"176","
 Rochdale",2019,NA,NA,NA,NA,NA,NA,NA,"770",NA,"ROCHDALE","568"
"177","
 Salford",2019,NA,NA,NA,NA,NA,NA,NA,"990",NA,"SALFORD","583"
"178","
 Sefton",2019,NA,NA,NA,NA,NA,NA,NA,"420",NA,"SEFTON","527"
"179","
 Stockport",2019,NA,NA,NA,NA,NA,NA,NA,"430",NA,"STOCKPORT","361"
"180","
 Tameside",2019,NA,NA,NA,NA,NA,NA,NA,"640",NA,"TAMESIDE","664"
"181","
 Trafford",2019,NA,NA,NA,NA,NA,NA,NA,"290",NA,"TRAFFORD","416"
"182","
 Warrington",2019,NA,NA,NA,NA,NA,NA,NA,"250",NA,"WARRINGTON","385"
"183","
 Wirral",2019,NA,NA,NA,NA,NA,NA,NA,"630",NA,"WIRRAL","832"
"184","
 Bracknell Forest",2019,NA,NA,NA,NA,NA,NA,NA,"130",NA,"BRACKNELL FOREST","158"
"185","
 Brighton and Hove",2019,NA,NA,NA,NA,NA,NA,NA,"310",NA,"BRIGHTON AND HOVE","393"
"186","
 Isle of Wight",2019,NA,NA,NA,NA,NA,NA,NA,"280",NA,"ISLE OF WIGHT","242"
"187","
 Medway",2019,NA,NA,NA,NA,NA,NA,NA,"710",NA,"MEDWAY","424"
"188","
 Milton Keynes",2019,NA,NA,NA,NA,NA,NA,NA,"680",NA,"MILTON KEYNES","382"
"189","
 Portsmouth",2019,NA,NA,NA,NA,NA,NA,NA,"500",NA,"PORTSMOUTH","488"
"190","
 Reading",2019,NA,NA,NA,NA,NA,NA,NA,"340",NA,"READING","271"
"191","
 Slough",2019,NA,NA,NA,NA,NA,NA,NA,"590",NA,"SLOUGH","212"
"192","
 Southampton",2019,NA,NA,NA,NA,NA,NA,NA,"530",NA,"SOUTHAMPTON","481"
"193","
 West Berkshire",2019,NA,NA,NA,NA,NA,NA,NA,"180",NA,"WEST BERKSHIRE","171"
"194","
 Windsor and Maidenhead",2019,NA,NA,NA,NA,NA,NA,NA,"160",NA,"WINDSOR AND MAIDENHEAD","124"
"195","
 Wokingham",2019,NA,NA,NA,NA,NA,NA,NA,"140",NA,"WOKINGHAM","110"
"196","
 Bath and North East Somerset",2019,NA,NA,NA,NA,NA,NA,NA,"140",NA,"BATH AND NORTH EAST SOMERSET","192"
"197","
 Bournemouth",2019,NA,NA,NA,NA,NA,NA,NA,"260",NA,"BOURNEMOUTH","248"
"198","
 Cornwall",2019,NA,NA,NA,NA,NA,NA,NA,"1040",NA,"CORNWALL","454"
"199","
 North Somerset",2019,NA,NA,NA,NA,NA,NA,NA,"220",NA,"NORTH SOMERSET","242"
"200","
 Plymouth",2019,NA,NA,NA,NA,NA,NA,NA,"510",NA,"PLYMOUTH","412"
"201","
 Poole",2019,NA,NA,NA,NA,NA,NA,NA,"240",NA,"POOLE","192"
"202","
 South Gloucestershire",2019,NA,NA,NA,NA,NA,NA,NA,"340",NA,"SOUTH GLOUCESTERSHIRE","196"
"203","
 Swindon",2019,NA,NA,NA,NA,NA,NA,NA,"300",NA,"SWINDON","349"
"204","
 Torbay",2019,NA,NA,NA,NA,NA,NA,NA,"290",NA,"TORBAY","361"
"205","
 Wiltshire",2019,NA,NA,NA,NA,NA,NA,NA,"570",NA,"WILTSHIRE","459"
"206","
 Birmingham",2019,NA,NA,NA,NA,NA,NA,NA,"5350",NA,"BIRMINGHAM","1945"
"207","
 Coventry",2019,NA,NA,NA,NA,NA,NA,NA,"1110",NA,"COVENTRY","705"
"208","
 Dudley",2019,NA,NA,NA,NA,NA,NA,NA,"720",NA,"DUDLEY","659"
"209","
 Sandwell",2019,NA,NA,NA,NA,NA,NA,NA,"1380",NA,"SANDWELL","897"
"210","
 Shropshire",2019,NA,NA,NA,NA,NA,NA,NA,"450",NA,"SHROPSHIRE","395"
"211","
 Solihull",2019,NA,NA,NA,NA,NA,NA,NA,"350",NA,"SOLIHULL","424"
"212","
 Telford and Wrekin",2019,NA,NA,NA,NA,NA,NA,NA,"640",NA,"TELFORD AND WREKIN","388"
"213","
 Walsall",2019,NA,NA,NA,NA,NA,NA,NA,"1150",NA,"WALSALL","614"
"214","
 Wolverhampton",2019,NA,NA,NA,NA,NA,NA,NA,"940",NA,"WOLVERHAMPTON","625"
"215","
 Barnsley",2019,NA,NA,NA,NA,NA,NA,NA,"490",NA,"BARNSLEY","301"
"216","
 Bradford",2019,NA,NA,NA,NA,NA,NA,NA,"2490",NA,"BRADFORD","1159"
"217","
 Calderdale",2019,NA,NA,NA,NA,NA,NA,NA,"540",NA,"CALDERDALE","334"
"218","
 Doncaster",2019,NA,NA,NA,NA,NA,NA,NA,"790",NA,"DONCASTER","532"
"219","
 East Riding of Yorkshire",2019,NA,NA,NA,NA,NA,NA,NA,"440",NA,"EAST RIDING OF YORKSHIRE","334"
"220","
 Kirklees",2019,NA,NA,NA,NA,NA,NA,NA,"1210",NA,"KIRKLEES","621"
"221","
 Leeds",2019,NA,NA,NA,NA,NA,NA,NA,"2270",NA,"LEEDS","1286"
"222","
 North East Lincolnshire",2019,NA,NA,NA,NA,NA,NA,NA,"400",NA,"NORTH EAST LINCOLNSHIRE","450"
"223","
 North Lincolnshire",2019,NA,NA,NA,NA,NA,NA,NA,"350",NA,"NORTH LINCOLNSHIRE","251"
"224","
 Rotherham",2019,NA,NA,NA,NA,NA,NA,NA,"670",NA,"ROTHERHAM","642"
"225","
 Sheffield",2019,NA,NA,NA,NA,NA,NA,NA,"1550",NA,"SHEFFIELD","631"
"226","
 Wakefield",2019,NA,NA,NA,NA,NA,NA,NA,"900",NA,"WAKEFIELD","601"
"227","
 York",2019,NA,NA,NA,NA,NA,NA,NA,"200",NA,"YORK","207"
"228","Derby",2021,"1,670",NA,NA,NA,"870",NA,NA,"800",NA,"DERBY","642"
"229","Leicester",2021,"2,930",NA,NA,NA,"1,400",NA,NA,"1,530",NA,"LEICESTER","616"
"230","Nottingham",2021,"2,550",NA,NA,NA,"1,300",NA,NA,"1,250",NA,"NOTTINGHAM","684"
"231","Rutland",2021,"90",NA,NA,NA,"50",NA,NA,"40",NA,"RUTLAND","34"
"232","Bedford",2021,"820",NA,NA,NA,"480",NA,NA,"340",NA,"BEDFORD","272"
"233","Central Bedfordshire",2021,"860",NA,NA,NA,"510",NA,NA,"350",NA,"CENTRAL BEDFORDSHIRE","323"
"234","Luton",2021,"2,070",NA,NA,NA,"950",NA,NA,"1,120",NA,"LUTON","375"
"235","Peterborough",2021,"1,650",NA,NA,NA,"880",NA,NA,"770",NA,"PETERBOROUGH","351"
"236","Southend-on-Sea",2021,"840",NA,NA,NA,"510",NA,NA,"330",NA,"SOUTHEND ON SEA","281"
"237","Thurrock",2021,"1,010",NA,NA,NA,"650",NA,NA,"360",NA,"THURROCK","298"
"238","Barking and Dagenham",2021,"2,150",NA,NA,NA,"1,200",NA,NA,"950",NA,"BARKING AND DAGENHAM","391"
"239","Barnet",2021,"1,800",NA,NA,NA,"740",NA,NA,"1,060",NA,"BARNET","323"
"240","Bexley",2021,"1,000",NA,NA,NA,"560",NA,NA,"440",NA,"BEXLEY","234"
"241","Brent",2021,"2,190",NA,NA,NA,"1,000",NA,NA,"1,190",NA,"BRENT","289"
"242","Bromley",2021,"900",NA,NA,NA,"490",NA,NA,"410",NA,"BROMLEY","341"
"243","Camden",2021,"820",NA,NA,NA,"360",NA,NA,"460",NA,"CAMDEN","187"
"244","Croydon",2021,"2,300",NA,NA,NA,"1,550",NA,NA,"750",NA,"CROYDON","680"
"245","Ealing",2021,"1,820",NA,NA,NA,"910",NA,NA,"910",NA,"EALING","307"
"246","Enfield",2021,"2,270",NA,NA,NA,"1,120",NA,NA,"1,150",NA,"ENFIELD","375"
"247","Greenwich",2021,"1,730",NA,NA,NA,"940",NA,NA,"790",NA,"GREENWICH","417"
"248","Hackney",2021,"2,620",NA,NA,NA,"670",NA,NA,"1,950",NA,"HACKNEY","418"
"249","Hammersmith and Fulham",2021,"610",NA,NA,NA,"370",NA,NA,"240",NA,"HAMMERSMITH AND FULHAM","244"
"250","Haringey",2021,"1,440",NA,NA,NA,"590",NA,NA,"850",NA,"HARINGEY","392"
"251","Harrow",2021,"1,360",NA,NA,NA,"680",NA,NA,"680",NA,"HARROW","182"
"252","Havering",2021,"1,070",NA,NA,NA,"640",NA,NA,"430",NA,"HAVERING","206"
"253","Hillingdon",2021,"1,630",NA,NA,NA,"820",NA,NA,"810",NA,"HILLINGDON","338"
"254","Hounslow",2021,"1,540",NA,NA,NA,"1,040",NA,NA,"500",NA,"HOUNSLOW","254"
"255","Islington",2021,"920",NA,NA,NA,"440",NA,NA,"480",NA,"ISLINGTON","343"
"256","Kensington and Chelsea",2021,"260",NA,NA,NA,"130",NA,NA,"130",NA,"KENSINGTON AND CHELSEA","106"
"257","Kingston upon Thames",2021,"450",NA,NA,NA,"260",NA,NA,"190",NA,"KINGSTON UPON THAMES","132"
"258","Lambeth",2021,"1,310",NA,NA,NA,"710",NA,NA,"600",NA,"LAMBETH","375"
"259","Lewisham",2021,"1,690",NA,NA,NA,"890",NA,NA,"800",NA,"LEWISHAM","468"
"260","Merton",2021,"740",NA,NA,NA,"420",NA,NA,"320",NA,"MERTON","142"
"261","Newham",2021,"2,930",NA,NA,NA,"1,370",NA,NA,"1,560",NA,"NEWHAM","382"
"262","Redbridge",2021,"1,750",NA,NA,NA,"920",NA,NA,"830",NA,"REDBRIDGE","238"
"263","Richmond upon Thames",2021,"330",NA,NA,NA,"200",NA,NA,"130",NA,"RICHMOND UPON THAMES","129"
"264","Southwark",2021,"1,610",NA,NA,NA,"1,040",NA,NA,"570",NA,"SOUTHWARK","449"
"265","Sutton",2021,"740",NA,NA,NA,"530",NA,NA,"210",NA,"SUTTON","239"
"266","Tower Hamlets",2021,"2,810",NA,NA,NA,"1,360",NA,NA,"1,450",NA,"TOWER HAMLETS","305"
"267","Waltham Forest",2021,"1,550",NA,NA,NA,"740",NA,NA,"810",NA,"WALTHAM FOREST","318"
"268","Wandsworth",2021,"1,100",NA,NA,NA,"540",NA,NA,"560",NA,"WANDSWORTH","253"
"269","Westminster",2021,"600",NA,NA,NA,"260",NA,NA,"340",NA,"WESTMINSTER","166"
"270","County Durham",2021,"2,410",NA,NA,NA,"1,480",NA,NA,"930",NA,"DURHAM","950"
"271","Darlington",2021,"520",NA,NA,NA,"310",NA,NA,"210",NA,"DARLINGTON","272"
"272","Gateshead",2021,"990",NA,NA,NA,"510",NA,NA,"480",NA,"GATESHEAD","439"
"273","Hartlepool",2021,"570",NA,NA,NA,"400",NA,NA,"170",NA,"HARTLEPOOL","346"
"274","Middlesbrough",2021,"1,290",NA,NA,NA,"780",NA,NA,"510",NA,"MIDDLESBROUGH","570"
"275","Newcastle upon Tyne",2021,"1,700",NA,NA,NA,"1,060",NA,NA,"640",NA,"NEWCASTLE UPON TYNE","682"
"276","North Tyneside",2021,"700",NA,NA,NA,"430",NA,NA,"270",NA,"NORTH TYNESIDE","289"
"277","Northumberland",2021,"1,100",NA,NA,NA,"630",NA,NA,"470",NA,"NORTHUMBERLAND","436"
"278","Redcar and Cleveland",2021,"730",NA,NA,NA,"440",NA,NA,"290",NA,"REDCAR AND CLEVELAND","317"
"279","South Tyneside",2021,"760",NA,NA,NA,"470",NA,NA,"290",NA,"SOUTH TYNESIDE","291"
"280","Stockton-on-Tees",2021,"1,000",NA,NA,NA,"580",NA,NA,"420",NA,"STOCKTON ON TEES","578"
"281","Sunderland",2021,"1,350",NA,NA,NA,"830",NA,NA,"520",NA,"SUNDERLAND","615"
"282","Blackburn with Darwen",2021,"1,440",NA,NA,NA,"710",NA,NA,"730",NA,"BLACKBURN WITH DARWEN","374"
"283","Blackpool",2021,"960",NA,NA,NA,"610",NA,NA,"350",NA,"BLACKPOOL","609"
"284","Bolton",2021,"2,440",NA,NA,NA,"1,300",NA,NA,"1,140",NA,"BOLTON","617"
"285","Bury",2021,"1,190",NA,NA,NA,"540",NA,NA,"650",NA,"BURY","347"
"286","Cheshire East",2021,"1,210",NA,NA,NA,"770",NA,NA,"440",NA,"CHESHIRE EAST","518"
"287","Cheshire West and Chester",2021,"1,250",NA,NA,NA,"810",NA,NA,"440",NA,"CHESHIRE WEST AND CHESTER","509"
"288","Halton",2021,"760",NA,NA,NA,"580",NA,NA,"180",NA,"HALTON","307"
"289","Knowsley",2021,"970",NA,NA,NA,"620",NA,NA,"350",NA,"KNOWSLEY","313"
"290","Liverpool",2021,"2,800",NA,NA,NA,"1,600",NA,NA,"1,200",NA,"LIVERPOOL","1516"
"291","Manchester",2021,"5,090",NA,NA,NA,"2,770",NA,NA,"2,320",NA,"MANCHESTER","1370"
"292","Oldham",2021,"2,360",NA,NA,NA,"1,310",NA,NA,"1,050",NA,"OLDHAM","526"
"293","Rochdale",2021,"1,880",NA,NA,NA,"1,070",NA,NA,"810",NA,"ROCHDALE","559"
"294","Salford",2021,"2,190",NA,NA,NA,"1,050",NA,NA,"1,140",NA,"SALFORD","536"
"295","Sefton",2021,"1,090",NA,NA,NA,"660",NA,NA,"430",NA,"SEFTON","613"
"296","St. Helens",2021,"900",NA,NA,NA,"600",NA,NA,"300",NA,"ST HELENS","478"
"297","Stockport",2021,"1,080",NA,NA,NA,"620",NA,NA,"460",NA,"STOCKPORT","409"
"298","Tameside",2021,"1,560",NA,NA,NA,"920",NA,NA,"640",NA,"TAMESIDE","682"
"299","Trafford",2021,"800",NA,NA,NA,"470",NA,NA,"330",NA,"TRAFFORD","389"
"300","Warrington",2021,"730",NA,NA,NA,"480",NA,NA,"250",NA,"WARRINGTON","366"
"301","Wigan",2021,"1,510",NA,NA,NA,"990",NA,NA,"520",NA,"WIGAN","647"
"302","Wirral",2021,"1,500",NA,NA,NA,"880",NA,NA,"620",NA,"WIRRAL","826"
"303","Bracknell Forest",2021,"310",NA,NA,NA,"190",NA,NA,"120",NA,"BRACKNELL FOREST","146"
"304","Brighton and Hove",2021,"690",NA,NA,NA,"360",NA,NA,"330",NA,"BRIGHTON AND HOVE","375"
"305","Buckinghamshire",2021,"1,600",NA,NA,NA,"860",NA,NA,"740",NA,"BUCKINGHAMSHIRE","510"
"306","Isle of Wight",2021,"580",NA,NA,NA,"320",NA,NA,"260",NA,"ISLE OF WIGHT","267"
"307","Medway",2021,"1,570",NA,NA,NA,"980",NA,NA,"590",NA,"MEDWAY","440"
"308","Milton Keynes",2021,"1,390",NA,NA,NA,"810",NA,NA,"580",NA,"MILTON KEYNES","395"
"309","Portsmouth",2021,"1,040",NA,NA,NA,"600",NA,NA,"440",NA,"PORTSMOUTH","380"
"310","Reading",2021,"790",NA,NA,NA,"440",NA,NA,"350",NA,"READING","271"
"311","Slough",2021,"1,190",NA,NA,NA,"590",NA,NA,"600",NA,"SLOUGH","222"
"312","Southampton",2021,"1,370",NA,NA,NA,"830",NA,NA,"540",NA,"SOUTHAMPTON","498"
"313","West Berkshire",2021,"490",NA,NA,NA,"320",NA,NA,"170",NA,"WEST BERKSHIRE","146"
"314","Windsor and Maidenhead",2021,"360",NA,NA,NA,"220",NA,NA,"140",NA,"WINDSOR AND MAIDENHEAD","130"
"315","Wokingham",2021,"360",NA,NA,NA,"230",NA,NA,"130",NA,"WOKINGHAM","101"
"316","Bath and North East Somerset",2021,"470",NA,NA,NA,"330",NA,NA,"140",NA,"BATH AND NORTH EAST SOMERSET","179"
"317","Bournemouth, Christchurch and Poole",2021,"1,300",NA,NA,NA,"830",NA,NA,"470",NA,"BOURNEMOUTH CHRISTCHURCH AND POOLE","431"
"318","Bristol, City of",2021,"2,170",NA,NA,NA,"1,050",NA,NA,"1,120",NA,"BRISTOL","633"
"319","Cornwall",2021,"2,200",NA,NA,NA,"1,240",NA,NA,"960",NA,"CORNWALL","496"
"320","Isles of Scilly",2021,"-",NA,NA,NA,"-",NA,NA,"-",NA,"ISLES OF SCILLY","0"
"321","North Somerset",2021,"600",NA,NA,NA,"370",NA,NA,"230",NA,"NORTH SOMERSET","213"
"322","Plymouth",2021,"1,170",NA,NA,NA,"740",NA,NA,"430",NA,"PLYMOUTH","485"
"323","South Gloucestershire",2021,"750",NA,NA,NA,"420",NA,NA,"330",NA,"SOUTH GLOUCESTERSHIRE","220"
"324","Swindon",2021,"910",NA,NA,NA,"600",NA,NA,"310",NA,"SWINDON","304"
"325","Torbay",2021,"650",NA,NA,NA,"390",NA,NA,"260",NA,"TORBAY","319"
"326","Wiltshire",2021,"1,490",NA,NA,NA,"940",NA,NA,"550",NA,"WILTSHIRE","417"
"327","Birmingham",2021,"11,560",NA,NA,NA,"5,600",NA,NA,"5,960",NA,"BIRMINGHAM","1922"
"328","Coventry",2021,"2,380",NA,NA,NA,"1,280",NA,NA,"1,100",NA,"COVENTRY","746"
"329","Dudley",2021,"1,780",NA,NA,NA,"1,030",NA,NA,"750",NA,"DUDLEY","621"
"330","Herefordshire, County of",2021,"650",NA,NA,NA,"360",NA,NA,"290",NA,"HEREFORDSHIRE","312"
"331","Sandwell",2021,"2,940",NA,NA,NA,"1,550",NA,NA,"1,390",NA,"SANDWELL","879"
"332","Shropshire",2021,"1,030",NA,NA,NA,"630",NA,NA,"400",NA,"SHROPSHIRE","504"
"333","Solihull",2021,"890",NA,NA,NA,"520",NA,NA,"370",NA,"SOLIHULL","531"
"334","Stoke-on-Trent",2021,"2,110",NA,NA,NA,"1,140",NA,NA,"970",NA,"STOKE ON TRENT","1004"
"335","Telford and Wrekin",2021,"1,270",NA,NA,NA,"750",NA,NA,"520",NA,"TELFORD AND WREKIN","425"
"336","Walsall",2021,"2,400",NA,NA,NA,"1,260",NA,NA,"1,140",NA,"WALSALL","670"
"337","Wolverhampton",2021,"2,080",NA,NA,NA,"1,220",NA,NA,"860",NA,"WOLVERHAMPTON","540"
"338","Barnsley",2021,"1,220",NA,NA,NA,"770",NA,NA,"450",NA,"BARNSLEY","330"
"339","Bradford",2021,"5,180",NA,NA,NA,"2,260",NA,NA,"2,920",NA,"BRADFORD","1347"
"340","Calderdale",2021,"1,270",NA,NA,NA,"710",NA,NA,"560",NA,"CALDERDALE","341"
"341","Doncaster",2021,"1,840",NA,NA,NA,"1,200",NA,NA,"640",NA,"DONCASTER","548"
"342","East Riding of Yorkshire",2021,"1,020",NA,NA,NA,"630",NA,NA,"390",NA,"EAST RIDING OF YORKSHIRE","344"
"343","Kingston upon Hull, City of",2021,"1,950",NA,NA,NA,"1,150",NA,NA,"800",NA,"KINGSTON UPON HULL","947"
"344","Kirklees",2021,"2,800",NA,NA,NA,"1,360",NA,NA,"1,440",NA,"KIRKLEES","661"
"345","Leeds",2021,"4,700",NA,NA,NA,"2,510",NA,NA,"2,190",NA,"LEEDS","1281"
"346","North East Lincolnshire",2021,"1,030",NA,NA,NA,"700",NA,NA,"330",NA,"NORTH EAST LINCOLNSHIRE","596"
"347","North Lincolnshire",2021,"860",NA,NA,NA,"570",NA,NA,"290",NA,"NORTH LINCOLNSHIRE","207"
"348","Rotherham",2021,"1,480",NA,NA,NA,"830",NA,NA,"650",NA,"ROTHERHAM","595"
"349","Sheffield",2021,"3,100",NA,NA,NA,"1,480",NA,NA,"1,620",NA,"SHEFFIELD","674"
"350","Wakefield",2021,"1,900",NA,NA,NA,"1,080",NA,NA,"820",NA,"WAKEFIELD","636"
"351","York",2021,"460",NA,NA,NA,"290",NA,NA,"170",NA,"YORK","279"
"352","Derby",2022,"4,550","1,970","43%","2,280","1,210","53%","2,270","760","34%","DERBY","627"
"353","Leicester",2022,"7,820","3,430","44%","3,560","1,940","54%","4,260","1,490","35%","LEICESTER","612"
"354","North Northamptonshire",2022,"4,100","1,850","45%","2,370","1,310","55%","1,730","530","31%","NORTH NORTHAMPTONSHIRE","523"
"355","Nottingham",2022,"6,320","2,980","47%","3,290","1,810","55%","3,040","1,170","39%","NOTTINGHAM","722"
"356","Rutland",2022,"200","90","46%","110","70","62%","90","20","26%","RUTLAND","25"
"357","West Northamptonshire",2022,"4,310","1,900","44%","2,390","1,310","55%","1,910","590","31%","WEST NORTHAMPTONSHIRE","659"
"358","Bedford",2022,"2,100","930","44%","1,110","620","56%","990","310","31%","BEDFORD","272"
"359","Central Bedfordshire",2022,"2,200","980","45%","1,230","670","54%","970","310","32%","CENTRAL BEDFORDSHIRE","329"
"360","Luton",2022,"5,490","2,430","44%","2,330","1,320","57%","3,150","1,110","35%","LUTON","382"
"361","Peterborough",2022,"4,180","1,930","46%","2,060","1,170","57%","2,120","760","36%","PETERBOROUGH","354"
"362","Southend-on-Sea",2022,"2,100","1,020","48%","1,250","720","58%","860","300","35%","SOUTHEND ON SEA","314"
"363","Thurrock",2022,"2,530","1,200","48%","1,540","870","57%","1,000","330","34%","THURROCK","294"
"364","Barking and Dagenham",2022,"5,460","2,450","45%","2,870","1,560","54%","2,590","900","35%","BARKING AND DAGENHAM","412"
"365","Barnet",2022,"4,420","2,070","47%","1,870","1,030","55%","2,550","1,040","41%","BARNET","333"
"366","Bexley",2022,"2,620","1,150","44%","1,450","760","52%","1,170","390","34%","BEXLEY","233"
"367","Brent",2022,"5,840","2,580","44%","2,660","1,450","54%","3,180","1,130","36%","BRENT","341"
"368","Bromley",2022,"2,290","1,020","45%","1,240","650","53%","1,050","370","35%","BROMLEY","328"
"369","Camden",2022,"2,270","990","44%","950","510","54%","1,320","480","36%","CAMDEN","191"
"370","Croydon",2022,"5,600","2,640","47%","3,460","1,910","55%","2,140","730","34%","CROYDON","544"
"371","Ealing",2022,"4,840","2,070","43%","2,290","1,210","53%","2,560","860","34%","EALING","328"
"372","Enfield",2022,"5,980","2,650","44%","2,760","1,550","56%","3,210","1,100","34%","ENFIELD","383"
"373","Greenwich",2022,"4,500","2,050","46%","2,370","1,300","55%","2,130","750","35%","GREENWICH","460"
"374","Hackney",2022,"5,530","2,980","54%","1,760","950","54%","3,770","2,020","54%","HACKNEY","405"
"375","Hammersmith and Fulham",2022,"1,630","720","44%","900","480","54%","730","240","33%","HAMMERSMITH AND FULHAM","215"
"376","Haringey",2022,"3,600","1,730","48%","1,590","870","55%","2,010","860","43%","HARINGEY","387"
"377","Harrow",2022,"3,480","1,610","46%","1,640","950","58%","1,840","660","36%","HARROW","188"
"378","Havering",2022,"2,780","1,260","45%","1,580","850","54%","1,200","410","34%","HAVERING","265"
"379","Hillingdon",2022,"4,150","1,880","45%","2,030","1,090","54%","2,120","790","37%","HILLINGDON","401"
"380","Hounslow",2022,"3,860","1,790","46%","2,370","1,310","55%","1,490","480","32%","HOUNSLOW","296"
"381","Islington",2022,"2,490","1,150","46%","1,160","630","54%","1,330","520","39%","ISLINGTON","385"
"382","Kensington and Chelsea",2022,"770","340","44%","370","210","56%","400","130","33%","KENSINGTON AND CHELSEA","101"
"383","Kingston upon Thames",2022,"1,160","530","46%","630","350","56%","540","180","34%","KINGSTON UPON THAMES","133"
"384","Lambeth",2022,"3,530","1,520","43%","1,820","960","53%","1,710","550","32%","LAMBETH","402"
"385","Lewisham",2022,"3,970","1,890","48%","2,040","1,140","56%","1,940","750","39%","LEWISHAM","463"
"386","Merton",2022,"2,080","890","43%","1,120","590","52%","950","300","31%","MERTON","122"
"387","Newham",2022,"7,650","3,470","45%","3,380","1,950","58%","4,270","1,520","36%","NEWHAM","431"
"388","Redbridge",2022,"4,380","1,950","45%","2,110","1,160","55%","2,270","790","35%","REDBRIDGE","285"
"389","Richmond upon Thames",2022,"840","380","45%","490","260","53%","350","120","34%","RICHMOND UPON THAMES","129"
"390","Southwark",2022,"4,000","1,810","45%","2,330","1,270","55%","1,670","540","32%","SOUTHWARK","457"
"391","Sutton",2022,"1,840","870","47%","1,210","670","55%","630","200","32%","SUTTON","236"
"392","Tower Hamlets",2022,"6,840","3,310","48%","2,990","1,830","61%","3,850","1,480","38%","TOWER HAMLETS","332"
"393","Waltham Forest",2022,"4,080","1,810","44%","1,920","1,040","54%","2,170","770","36%","WALTHAM FOREST","328"
"394","Wandsworth",2022,"2,950","1,310","44%","1,390","760","55%","1,560","550","35%","WANDSWORTH","243"
"395","Westminster",2022,"1,630","700","43%","710","370","52%","920","330","36%","WESTMINSTER","171"
"396","County Durham",2022,"5,960","2,790","47%","3,500","1,960","56%","2,470","830","34%","DURHAM","984"
"397","Darlington",2022,"1,300","590","45%","760","400","53%","550","190","34%","DARLINGTON","273"
"398","Gateshead",2022,"2,290","1,160","51%","1,220","700","58%","1,070","460","42%","GATESHEAD","483"
"399","Hartlepool",2022,"1,420","680","48%","960","540","56%","460","140","31%","HARTLEPOOL","300"
"400","Middlesbrough",2022,"3,180","1,480","47%","1,900","1,020","54%","1,280","470","36%","MIDDLESBROUGH","502"
"401","Newcastle upon Tyne",2022,"4,210","1,950","46%","2,490","1,370","55%","1,720","580","34%","NEWCASTLE UPON TYNE","669"
"402","North Tyneside",2022,"1,840","830","45%","1,090","590","54%","750","240","32%","NORTH TYNESIDE","345"
"403","Northumberland",2022,"2,860","1,250","44%","1,590","820","52%","1,270","430","34%","NORTHUMBERLAND","425"
"404","Redcar and Cleveland",2022,"1,840","850","46%","1,120","600","54%","720","250","35%","REDCAR AND CLEVELAND","341"
"405","South Tyneside",2022,"1,920","890","47%","1,190","630","53%","730","270","36%","SOUTH TYNESIDE","285"
"406","Stockton-on-Tees",2022,"2,510","1,140","46%","1,400","770","55%","1,110","370","33%","STOCKTON ON TEES","574"
"407","Sunderland",2022,"3,340","1,570","47%","1,940","1,090","56%","1,400","480","34%","SUNDERLAND","554"
"408","Blackburn with Darwen",2022,"3,980","1,700","43%","1,800","970","54%","2,180","730","34%","BLACKBURN WITH DARWEN","387"
"409","Blackpool",2022,"2,290","1,090","48%","1,460","780","53%","830","320","38%","BLACKPOOL","609"
"410","Bolton",2022,"6,300","2,880","46%","3,200","1,790","56%","3,110","1,100","35%","BOLTON","544"
"411","Bury",2022,"3,030","1,430","47%","1,390","760","55%","1,640","670","41%","BURY","359"
"412","Cheshire East",2022,"2,950","1,360","46%","1,750","980","56%","1,200","380","31%","CHESHIRE EAST","522"
"413","Cheshire West and Chester",2022,"3,100","1,430","46%","1,790","1,010","57%","1,310","420","32%","CHESHIRE WEST AND CHESTER","537"
"414","Halton",2022,"1,770","890","50%","1,220","720","59%","550","160","30%","HALTON","369"
"415","Knowsley",2022,"2,350","1,130","48%","1,390","790","57%","970","340","35%","KNOWSLEY","298"
"416","Liverpool",2022,"6,900","3,280","48%","3,940","2,150","55%","2,950","1,130","38%","LIVERPOOL","1594"
"417","Manchester",2022,"13,330","6,090","46%","6,990","3,780","54%","6,340","2,300","36%","MANCHESTER","1384"
"418","Oldham",2022,"6,210","2,720","44%","3,070","1,710","56%","3,150","1,010","32%","OLDHAM","538"
"419","Rochdale",2022,"4,970","2,240","45%","2,620","1,460","56%","2,350","780","33%","ROCHDALE","553"
"420","Salford",2022,"4,830","2,530","52%","2,450","1,430","58%","2,380","1,100","46%","SALFORD","563"
"421","Sefton",2022,"2,820","1,280","45%","1,610","880","55%","1,210","400","33%","SEFTON","594"
"422","St. Helens",2022,"2,160","1,040","48%","1,340","780","58%","830","270","32%","ST HELENS","470"
"423","Stockport",2022,"2,830","1,280","45%","1,590","860","54%","1,240","420","34%","STOCKPORT","447"
"424","Tameside",2022,"3,750","1,790","48%","2,090","1,210","58%","1,660","580","35%","TAMESIDE","666"
"425","Trafford",2022,"2,100","890","42%","1,070","580","54%","1,030","310","30%","TRAFFORD","361"
"426","Warrington",2022,"1,830","830","45%","1,060","590","56%","770","240","31%","WARRINGTON","329"
"427","Wigan",2022,"3,670","1,760","48%","2,270","1,320","58%","1,400","450","32%","WIGAN","614"
"428","Wirral",2022,"3,890","1,770","46%","2,120","1,180","56%","1,760","590","33%","WIRRAL","789"
"429","Bracknell Forest",2022,"830","370","45%","480","270","56%","360","110","30%","BRACKNELL FOREST","137"
"430","Brighton and Hove",2022,"1,790","800","44%","910","480","53%","890","320","36%","BRIGHTON AND HOVE","389"
"431","Buckinghamshire",2022,"4,310","1,830","42%","2,040","1,110","54%","2,270","720","32%","BUCKINGHAMSHIRE","500"
"432","Isle of Wight",2022,"1,470","660","45%","770","430","55%","700","230","33%","ISLE OF WIGHT","274"
"433","Medway",2022,"3,760","1,860","50%","2,320","1,350","58%","1,440","510","36%","MEDWAY","444"
"434","Milton Keynes",2022,"3,810","1,650","43%","2,060","1,100","53%","1,750","550","31%","MILTON KEYNES","361"
"435","Portsmouth",2022,"2,710","1,240","46%","1,540","850","55%","1,170","390","33%","PORTSMOUTH","386"
"436","Reading",2022,"1,990","910","46%","1,050","600","57%","950","310","33%","READING","234"
"437","Slough",2022,"3,130","1,390","44%","1,510","790","53%","1,630","590","36%","SLOUGH","234"
"438","Southampton",2022,"3,410","1,580","46%","1,900","1,070","56%","1,510","510","34%","SOUTHAMPTON","561"
"439","West Berkshire",2022,"1,150","560","48%","720","430","59%","430","130","30%","WEST BERKSHIRE","166"
"440","Windsor and Maidenhead",2022,"890","410","46%","470","280","58%","420","130","31%","WINDSOR AND MAIDENHEAD","126"
"441","Wokingham",2022,"950","420","45%","550","300","55%","400","120","30%","WOKINGHAM","136"
"442","Bath and North East Somerset",2022,"1,200","520","44%","760","410","54%","440","120","26%","BATH AND NORTH EAST SOMERSET","196"
"443","Bournemouth, Christchurch and Poole",2022,"3,260","1,500","46%","1,810","1,060","59%","1,450","440","30%","BOURNEMOUTH CHRISTCHURCH AND POOLE","489"
"444","Bristol, City of",2022,"5,580","2,540","45%","2,760","1,510","55%","2,820","1,030","36%","BRISTOL","690"
"445","Cornwall",2022,"5,740","2,450","43%","2,990","1,610","54%","2,750","840","30%","CORNWALL","501"
"446","North Somerset",2022,"1,600","680","43%","890","480","53%","710","210","29%","NORTH SOMERSET","200"
"447","Plymouth",2022,"3,050","1,330","44%","1,730","950","55%","1,320","380","29%","PLYMOUTH","491"
"448","South Gloucestershire",2022,"2,050","860","42%","1,020","550","53%","1,030","320","31%","SOUTH GLOUCESTERSHIRE","258"
"449","Swindon",2022,"2,390","1,080","45%","1,420","790","56%","970","290","30%","SWINDON","332"
"450","Torbay",2022,"1,650","710","43%","870","480","54%","770","230","30%","TORBAY","299"
"451","Wiltshire",2022,"3,860","1,660","43%","2,210","1,200","54%","1,640","460","28%","WILTSHIRE","426"
"452","Birmingham",2022,"30,140","13,490","45%","13,580","7,610","56%","16,560","5,880","36%","BIRMINGHAM","2100"
"453","Coventry",2022,"5,880","2,740","47%","3,150","1,750","56%","2,730","980","36%","COVENTRY","724"
"454","Dudley",2022,"4,580","2,080","45%","2,380","1,380","58%","2,210","700","32%","DUDLEY","583"
"455","Herefordshire, County of",2022,"1,620","740","46%","850","490","57%","770","260","33%","HEREFORDSHIRE","379"
"456","Sandwell",2022,"7,430","3,430","46%","3,790","2,090","55%","3,640","1,350","37%","SANDWELL","840"
"457","Shropshire",2022,"2,660","1,220","46%","1,520","860","57%","1,130","350","31%","SHROPSHIRE","610"
"458","Solihull",2022,"2,180","1,030","47%","1,180","670","57%","1,010","360","35%","SOLIHULL","528"
"459","Stoke-on-Trent",2022,"5,190","2,410","46%","2,660","1,530","57%","2,530","880","35%","STOKE ON TRENT","1022"
"460","Telford and Wrekin",2022,"3,000","1,470","49%","1,700","1,010","60%","1,300","460","35%","TELFORD AND WREKIN","423"
"461","Walsall",2022,"6,030","2,860","47%","3,110","1,780","57%","2,920","1,080","37%","WALSALL","661"
"462","Wolverhampton",2022,"5,100","2,430","48%","2,940","1,670","57%","2,160","760","35%","WOLVERHAMPTON","513"
"463","Barnsley",2022,"3,180","1,460","46%","1,900","1,060","56%","1,280","400","31%","BARNSLEY","348"
"464","Bradford",2022,"14,210","6,050","43%","5,770","3,140","54%","8,440","2,910","35%","BRADFORD","1446"
"465","Calderdale",2022,"3,130","1,470","47%","1,580","920","58%","1,550","550","35%","CALDERDALE","337"
"466","Doncaster",2022,"4,470","2,110","47%","2,660","1,550","58%","1,810","560","31%","DONCASTER","589"
"467","East Riding of Yorkshire",2022,"2,680","1,160","43%","1,520","820","54%","1,160","330","29%","EAST RIDING OF YORKSHIRE","325"
"468","Kingston upon Hull, City of",2022,"4,710","2,250","48%","2,800","1,570","56%","1,920","680","36%","KINGSTON UPON HULL","881"
"469","Kirklees",2022,"7,440","3,320","45%","3,360","1,900","56%","4,080","1,430","35%","KIRKLEES","601"
"470","Leeds",2022,"11,450","5,440","48%","6,060","3,400","56%","5,390","2,050","38%","LEEDS","1373"
"471","North East Lincolnshire",2022,"2,460","1,160","47%","1,510","870","58%","950","290","31%","NORTH EAST LINCOLNSHIRE","615"
"472","North Lincolnshire",2022,"2,220","1,010","45%","1,330","760","57%","900","250","28%","NORTH LINCOLNSHIRE","192"
"473","Rotherham",2022,"3,920","1,720","44%","2,080","1,130","54%","1,840","600","32%","ROTHERHAM","556"
"474","Sheffield",2022,"8,320","3,650","44%","3,830","2,060","54%","4,490","1,590","35%","SHEFFIELD","667"
"475","Wakefield",2022,"4,630","2,250","49%","2,570","1,480","58%","2,060","770","37%","WAKEFIELD","650"
"476","York",2022,"1,280","550","43%","710","390","54%","560","160","28%","YORK","276"
"477","Derby",2023,"4,480","2,290","51%","2,690","1,590","59%","1,790","700","39%","DERBY","620"
"478","Leicester",2023,"7,580","3,890","51%","4,150","2,530","61%","3,420","1,350","39%","LEICESTER","630"
"479","North Northamptonshire",2023,"4,160","2,240","54%","2,880","1,780","62%","1,280","460","36%","NORTH NORTHAMPTONSHIRE","545"
"480","Nottingham",2023,"6,210","3,330","54%","3,800","2,290","60%","2,410","1,040","43%","NOTTINGHAM","721"
"481","Rutland",2023,"210","110","51%","140","90","62%","70","20","28%","RUTLAND","32"
"482","West Northamptonshire",2023,"4,350","2,290","53%","2,870","1,770","61%","1,480","520","35%","WEST NORTHAMPTONSHIRE","688"
"483","Bedford",2023,"2,180","1,170","53%","1,400","880","63%","780","290","37%","BEDFORD","273"
"484","Central Bedfordshire",2023,"2,360","1,260","53%","1,610","990","61%","750","280","37%","CENTRAL BEDFORDSHIRE","380"
"485","Luton",2023,"5,240","2,710","52%","2,720","1,690","62%","2,520","1,020","41%","LUTON","420"
"486","Peterborough",2023,"4,130","2,200","53%","2,450","1,520","62%","1,680","680","41%","PETERBOROUGH","412"
"487","Southend-on-Sea",2023,"2,080","1,160","56%","1,420","900","63%","650","270","41%","SOUTHEND ON SEA","310"
"488","Thurrock",2023,"2,550","1,410","55%","1,820","1,120","61%","730","290","40%","THURROCK","292"
"489","Barking and Dagenham",2023,"5,330","2,800","53%","3,310","2,000","60%","2,020","810","40%","BARKING AND DAGENHAM","429"
"490","Barnet",2023,"4,420","2,390","54%","2,320","1,400","61%","2,100","990","47%","BARNET","334"
"491","Bexley",2023,"2,610","1,350","52%","1,740","1,010","58%","860","340","40%","BEXLEY","265"
"492","Brent",2023,"5,880","3,080","52%","3,300","2,020","61%","2,570","1,060","41%","BRENT","319"
"493","Bromley",2023,"2,220","1,170","53%","1,450","860","59%","780","310","40%","BROMLEY","343"
"494","Camden",2023,"2,180","1,120","51%","1,110","670","60%","1,070","450","42%","CAMDEN","197"
"495","Croydon",2023,"5,680","3,080","54%","4,030","2,450","61%","1,640","630","38%","CROYDON","531"
"496","Ealing",2023,"4,990","2,560","51%","2,910","1,750","60%","2,070","810","39%","EALING","297"
"497","Enfield",2023,"5,920","3,080","52%","3,370","2,110","62%","2,550","980","38%","ENFIELD","423"
"498","Greenwich",2023,"4,380","2,290","52%","2,770","1,640","59%","1,610","640","40%","GREENWICH","414"
"499","Hackney",2023,"5,510","3,330","60%","2,200","1,350","61%","3,310","1,980","60%","HACKNEY","392"
"500","Hammersmith and Fulham",2023,"1,570","800","51%","980","580","59%","590","220","38%","HAMMERSMITH AND FULHAM","212"
"501","Haringey",2023,"3,590","2,010","56%","1,910","1,180","62%","1,690","830","49%","HARINGEY","370"
"502","Harrow",2023,"3,410","1,840","54%","1,900","1,220","64%","1,510","620","41%","HARROW","179"
"503","Havering",2023,"2,830","1,520","54%","1,890","1,140","60%","940","380","40%","HAVERING","241"
"504","Hillingdon",2023,"4,170","2,230","53%","2,440","1,490","61%","1,730","740","42%","HILLINGDON","351"
"505","Hounslow",2023,"3,950","2,130","54%","2,830","1,730","61%","1,130","400","35%","HOUNSLOW","322"
"506","Islington",2023,"2,570","1,380","54%","1,460","890","61%","1,110","490","44%","ISLINGTON","325"
"507","Kensington and Chelsea",2023,"710","350","49%","380","230","59%","330","120","37%","KENSINGTON AND CHELSEA","105"
"508","Kingston upon Thames",2023,"1,110","600","54%","720","440","61%","390","160","41%","KINGSTON UPON THAMES","111"
"509","Lambeth",2023,"3,470","1,730","50%","2,170","1,260","58%","1,300","480","37%","LAMBETH","404"
"510","Lewisham",2023,"3,940","2,150","54%","2,390","1,460","61%","1,550","690","44%","LEWISHAM","439"
"511","Merton",2023,"2,000","1,010","50%","1,280","750","59%","720","260","36%","MERTON","123"
"512","Newham",2023,"7,560","4,080","54%","4,150","2,660","64%","3,410","1,420","42%","NEWHAM","411"
"513","Redbridge",2023,"4,340","2,280","52%","2,510","1,550","62%","1,830","730","40%","REDBRIDGE","315"
"514","Richmond upon Thames",2023,"840","430","51%","570","330","58%","270","100","35%","RICHMOND UPON THAMES","130"
"515","Southwark",2023,"4,010","2,100","52%","2,710","1,620","60%","1,300","480","37%","SOUTHWARK","420"
"516","Sutton",2023,"1,830","970","53%","1,340","800","60%","490","170","35%","SUTTON","234"
"517","Tower Hamlets",2023,"6,890","3,920","57%","3,740","2,530","68%","3,140","1,390","44%","TOWER HAMLETS","301"
"518","Waltham Forest",2023,"4,060","2,100","52%","2,330","1,400","60%","1,730","700","40%","WALTHAM FOREST","343"
"519","Wandsworth",2023,"2,920","1,510","52%","1,640","1,000","61%","1,280","510","40%","WANDSWORTH","237"
"520","Westminster",2023,"1,600","800","50%","840","490","58%","760","310","41%","WESTMINSTER","182"
"521","County Durham",2023,"5,980","3,240","54%","4,070","2,530","62%","1,910","710","37%","DURHAM","1067"
"522","Darlington",2023,"1,300","680","52%","900","530","59%","390","150","37%","DARLINGTON","322"
"523","Gateshead",2023,"2,340","1,320","56%","1,440","880","61%","900","430","48%","GATESHEAD","528"
"524","Hartlepool",2023,"1,450","800","55%","1,100","670","61%","360","130","38%","HARTLEPOOL","321"
"525","Middlesbrough",2023,"3,170","1,660","52%","2,150","1,260","59%","1,020","400","39%","MIDDLESBROUGH","513"
"526","Newcastle upon Tyne",2023,"4,210","2,220","53%","2,850","1,690","59%","1,360","530","39%","NEWCASTLE UPON TYNE","635"
"527","North Tyneside",2023,"1,850","960","52%","1,300","770","59%","550","190","35%","NORTH TYNESIDE","360"
"528","Northumberland",2023,"2,900","1,520","52%","1,940","1,140","59%","960","380","40%","NORTHUMBERLAND","450"
"529","Redcar and Cleveland",2023,"1,830","980","53%","1,290","760","59%","550","210","39%","REDCAR AND CLEVELAND","399"
"530","South Tyneside",2023,"1,900","1,030","54%","1,350","810","60%","550","220","41%","SOUTH TYNESIDE","310"
"531","Stockton-on-Tees",2023,"2,520","1,330","53%","1,670","1,000","60%","850","330","38%","STOCKTON ON TEES","574"
"532","Sunderland",2023,"3,330","1,840","55%","2,260","1,410","62%","1,080","430","40%","SUNDERLAND","500"
"533","Blackburn with Darwen",2023,"3,940","1,950","49%","2,100","1,240","59%","1,840","710","39%","BLACKBURN WITH DARWEN","355"
"534","Blackpool",2023,"2,310","1,270","55%","1,660","990","60%","650","290","44%","BLACKPOOL","539"
"535","Bolton",2023,"6,240","3,330","53%","3,740","2,300","61%","2,500","1,030","41%","BOLTON","562"
"536","Bury",2023,"3,000","1,630","54%","1,610","970","60%","1,400","660","47%","BURY","350"
"537","Cheshire East",2023,"3,030","1,600","53%","2,150","1,310","61%","880","300","34%","CHESHIRE EAST","580"
"538","Cheshire West and Chester",2023,"3,210","1,720","53%","2,230","1,370","61%","980","350","36%","CHESHIRE WEST AND CHESTER","589"
"539","Halton",2023,"1,790","1,020","57%","1,350","880","65%","430","140","33%","HALTON","386"
"540","Knowsley",2023,"2,390","1,340","56%","1,630","1,040","64%","760","290","38%","KNOWSLEY","328"
"541","Liverpool",2023,"6,920","3,780","55%","4,560","2,780","61%","2,360","1,000","42%","LIVERPOOL","1477"
"542","Manchester",2023,"13,260","7,020","53%","8,140","4,930","61%","5,110","2,090","41%","MANCHESTER","1332"
"543","Oldham",2023,"6,100","3,090","51%","3,460","2,130","61%","2,630","970","37%","OLDHAM","539"
"544","Rochdale",2023,"4,980","2,630","53%","3,070","1,880","61%","1,920","750","39%","ROCHDALE","602"
"545","Salford",2023,"4,860","2,880","59%","2,870","1,830","64%","1,990","1,050","53%","SALFORD","554"
"546","Sefton",2023,"2,840","1,510","53%","1,900","1,150","60%","940","360","38%","SEFTON","611"
"547","St. Helens",2023,"2,180","1,210","55%","1,560","980","63%","620","220","36%","ST HELENS","469"
"548","Stockport",2023,"2,740","1,430","52%","1,780","1,050","59%","960","370","39%","STOCKPORT","481"
"549","Tameside",2023,"3,700","2,020","55%","2,380","1,490","63%","1,330","530","40%","TAMESIDE","656"
"550","Trafford",2023,"2,050","1,020","50%","1,230","720","59%","820","300","36%","TRAFFORD","350"
"551","Warrington",2023,"1,760","930","53%","1,190","740","62%","570","190","34%","WARRINGTON","333"
"552","Wigan",2023,"3,690","2,030","55%","2,610","1,660","63%","1,080","380","35%","WIGAN","679"
"553","Wirral",2023,"3,850","2,050","53%","2,480","1,510","61%","1,370","540","40%","WIRRAL","772"
"554","Bracknell Forest",2023,"860","440","52%","600","360","59%","250","90","35%","BRACKNELL FOREST","157"
"555","Brighton and Hove",2023,"1,740","920","53%","1,070","650","60%","670","270","41%","BRIGHTON AND HOVE","345"
"556","Buckinghamshire",2023,"4,500","2,330","52%","2,660","1,640","62%","1,830","680","37%","BUCKINGHAMSHIRE","497"
"557","Isle of Wight",2023,"1,430","750","52%","910","560","61%","520","190","37%","ISLE OF WIGHT","288"
"558","Medway",2023,"3,730","2,140","57%","2,730","1,720","63%","1,000","420","42%","MEDWAY","465"
"559","Milton Keynes",2023,"3,800","1,950","51%","2,460","1,480","60%","1,340","480","35%","MILTON KEYNES","354"
"560","Portsmouth",2023,"2,640","1,410","53%","1,770","1,070","60%","870","340","39%","PORTSMOUTH","388"
"561","Reading",2023,"1,920","1,020","53%","1,180","750","63%","740","270","37%","READING","252"
"562","Slough",2023,"3,080","1,590","52%","1,780","1,070","60%","1,310","530","40%","SLOUGH","253"
"563","Southampton",2023,"3,390","1,820","54%","2,200","1,380","63%","1,190","450","37%","SOUTHAMPTON","538"
"564","West Berkshire",2023,"1,190","690","58%","890","580","65%","310","110","36%","WEST BERKSHIRE","197"
"565","Windsor and Maidenhead",2023,"870","460","52%","560","340","61%","320","110","36%","WINDSOR AND MAIDENHEAD","151"
"566","Wokingham",2023,"990","530","53%","690","420","61%","300","110","36%","WOKINGHAM","137"
"567","Bath and North East Somerset",2023,"1,230","640","52%","890","530","60%","340","110","32%","BATH AND NORTH EAST SOMERSET","228"
"568","Bournemouth, Christchurch and Poole",2023,"3,180","1,700","53%","2,070","1,310","63%","1,110","390","35%","BOURNEMOUTH CHRISTCHURCH AND POOLE","516"
"569","Bristol, City of",2023,"5,480","2,900","53%","3,280","2,000","61%","2,200","900","41%","BRISTOL","732"
"570","Cornwall",2023,"5,790","2,950","51%","3,780","2,250","60%","2,020","700","35%","CORNWALL","565"
"571","North Somerset",2023,"1,590","800","50%","1,080","630","58%","510","170","33%","NORTH SOMERSET","223"
"572","Plymouth",2023,"3,040","1,550","51%","2,040","1,230","60%","990","320","32%","PLYMOUTH","500"
"573","South Gloucestershire",2023,"2,170","1,120","52%","1,390","840","60%","780","280","36%","SOUTH GLOUCESTERSHIRE","256"
"574","Swindon",2023,"2,450","1,280","52%","1,710","1,040","61%","750","240","32%","SWINDON","338"
"575","Torbay",2023,"1,570","780","50%","990","580","58%","580","200","34%","TORBAY","314"
"576","Wiltshire",2023,"4,010","2,100","52%","2,820","1,700","60%","1,190","400","34%","WILTSHIRE","454"
"577","Birmingham",2023,"29,790","15,550","52%","16,290","10,110","62%","13,500","5,450","40%","BIRMINGHAM","2201"
"578","Coventry",2023,"5,790","3,160","54%","3,710","2,290","62%","2,080","860","41%","COVENTRY","724"
"579","Dudley",2023,"4,610","2,440","53%","2,860","1,820","63%","1,740","620","36%","DUDLEY","588"
"580","Herefordshire, County of",2023,"1,610","880","55%","1,040","680","65%","570","200","35%","HEREFORDSHIRE","412"
"581","Sandwell",2023,"7,330","3,900","53%","4,400","2,680","61%","2,940","1,220","41%","SANDWELL","800"
"582","Shropshire",2023,"2,600","1,390","53%","1,770","1,090","62%","830","290","36%","SHROPSHIRE","656"
"583","Solihull",2023,"2,180","1,160","53%","1,390","860","62%","790","310","39%","SOLIHULL","569"
"584","Stoke-on-Trent",2023,"5,060","2,740","54%","3,090","1,940","63%","1,980","800","41%","STOKE ON TRENT","1107"
"585","Telford and Wrekin",2023,"3,060","1,690","55%","2,090","1,320","63%","970","380","39%","TELFORD AND WREKIN","453"
"586","Walsall",2023,"5,990","3,250","54%","3,660","2,280","62%","2,330","960","41%","WALSALL","650"
"587","Wolverhampton",2023,"5,140","2,820","55%","3,430","2,140","63%","1,710","670","39%","WOLVERHAMPTON","501"
"588","Barnsley",2023,"3,210","1,710","53%","2,210","1,350","61%","1,000","360","36%","BARNSLEY","400"
"589","Bradford",2023,"13,840","6,890","50%","6,830","4,110","60%","7,010","2,780","40%","BRADFORD","1588"
"590","Calderdale",2023,"3,100","1,660","54%","1,810","1,150","63%","1,290","510","40%","CALDERDALE","356"
"591","Doncaster",2023,"4,540","2,470","54%","3,150","1,980","63%","1,390","490","35%","DONCASTER","542"
"592","East Riding of Yorkshire",2023,"2,660","1,370","52%","1,810","1,090","60%","850","280","33%","EAST RIDING OF YORKSHIRE","350"
"593","Kingston upon Hull, City of",2023,"4,630","2,560","55%","3,210","2,010","62%","1,420","550","39%","KINGSTON UPON HULL","773"
"594","Kirklees",2023,"7,230","3,760","52%","3,890","2,420","62%","3,340","1,340","40%","KIRKLEES","592"
"595","Leeds",2023,"11,350","6,160","54%","7,060","4,330","61%","4,300","1,830","43%","LEEDS","1450"
"596","North East Lincolnshire",2023,"2,460","1,350","55%","1,750","1,090","62%","710","260","36%","NORTH EAST LINCOLNSHIRE","575"
"597","North Lincolnshire",2023,"2,220","1,160","52%","1,530","940","61%","680","220","32%","NORTH LINCOLNSHIRE","188"
"598","Rotherham",2023,"3,780","1,950","52%","2,350","1,400","59%","1,430","550","39%","ROTHERHAM","542"
"599","Sheffield",2023,"8,170","4,200","51%","4,590","2,790","61%","3,580","1,420","40%","SHEFFIELD","653"
"600","Wakefield",2023,"4,660","2,570","55%","3,070","1,940","63%","1,590","640","40%","WAKEFIELD","635"
"601","York",2023,"1,260","630","50%","840","490","58%","430","140","33%","YORK","262"
"602",NA,2023,NA,NA,NA,NA,NA,NA,NA,NA,NA,"CUMBRIA","740"
"603",NA,2023,NA,NA,NA,NA,NA,NA,NA,NA,NA,"LANCASHIRE","1875"
"604",NA,2023,NA,NA,NA,NA,NA,NA,NA,NA,NA,"NORTH YORKSHIRE","464"
"605",NA,2023,NA,NA,NA,NA,NA,NA,NA,NA,NA,"DERBYSHIRE","995"
"606",NA,2023,NA,NA,NA,NA,NA,NA,NA,NA,NA,"LEICESTERSHIRE","681"
"607",NA,2023,NA,NA,NA,NA,NA,NA,NA,NA,NA,"LINCOLNSHIRE","728"
"608",NA,2023,NA,NA,NA,NA,NA,NA,NA,NA,NA,"NORTHAMPTONSHIRE","z"
"609",NA,2023,NA,NA,NA,NA,NA,NA,NA,NA,NA,"NOTTINGHAMSHIRE","961"
"610",NA,2023,NA,NA,NA,NA,NA,NA,NA,NA,NA,"STAFFORDSHIRE","1384"
"611",NA,2023,NA,NA,NA,NA,NA,NA,NA,NA,NA,"WARWICKSHIRE","778"
"612",NA,2023,NA,NA,NA,NA,NA,NA,NA,NA,NA,"WORCESTERSHIRE","1000"
"613",NA,2023,NA,NA,NA,NA,NA,NA,NA,NA,NA,"CAMBRIDGESHIRE","646"
"614",NA,2023,NA,NA,NA,NA,NA,NA,NA,NA,NA,"ESSEX","1164"
"615",NA,2023,NA,NA,NA,NA,NA,NA,NA,NA,NA,"HERTFORDSHIRE","965"
"616",NA,2023,NA,NA,NA,NA,NA,NA,NA,NA,NA,"NORFOLK","1213"
"617",NA,2023,NA,NA,NA,NA,NA,NA,NA,NA,NA,"SUFFOLK","983"
"618",NA,2023,NA,NA,NA,NA,NA,NA,NA,NA,NA,"EAST SUSSEX","661"
"619",NA,2023,NA,NA,NA,NA,NA,NA,NA,NA,NA,"HAMPSHIRE","1853"
"620",NA,2023,NA,NA,NA,NA,NA,NA,NA,NA,NA,"KENT","1942"
"621",NA,2023,NA,NA,NA,NA,NA,NA,NA,NA,NA,"OXFORDSHIRE","881"
"622",NA,2023,NA,NA,NA,NA,NA,NA,NA,NA,NA,"SURREY","1013"
"623",NA,2023,NA,NA,NA,NA,NA,NA,NA,NA,NA,"WEST SUSSEX","887"
"624",NA,2023,NA,NA,NA,NA,NA,NA,NA,NA,NA,"BOURNEMOUTH","z"
"625",NA,2023,NA,NA,NA,NA,NA,NA,NA,NA,NA,"POOLE","z"
"626",NA,2023,NA,NA,NA,NA,NA,NA,NA,NA,NA,"ISLES OF SCILLY","0"
"627",NA,2023,NA,NA,NA,NA,NA,NA,NA,NA,NA,"DEVON","893"
"628",NA,2023,NA,NA,NA,NA,NA,NA,NA,NA,NA,"GLOUCESTERSHIRE","864"
"629",NA,2023,NA,NA,NA,NA,NA,NA,NA,NA,NA,"SOMERSET","564"
"630",NA,2022,NA,NA,NA,NA,NA,NA,NA,NA,NA,"CUMBRIA","734"
"631",NA,2022,NA,NA,NA,NA,NA,NA,NA,NA,NA,"LANCASHIRE","1934"
"632",NA,2022,NA,NA,NA,NA,NA,NA,NA,NA,NA,"NORTH YORKSHIRE","430"
"633",NA,2022,NA,NA,NA,NA,NA,NA,NA,NA,NA,"DERBYSHIRE","912"
"634",NA,2022,NA,NA,NA,NA,NA,NA,NA,NA,NA,"LEICESTERSHIRE","696"
"635",NA,2022,NA,NA,NA,NA,NA,NA,NA,NA,NA,"LINCOLNSHIRE","736"
"636",NA,2022,NA,NA,NA,NA,NA,NA,NA,NA,NA,"NORTHAMPTONSHIRE","z"
"637",NA,2022,NA,NA,NA,NA,NA,NA,NA,NA,NA,"NOTTINGHAMSHIRE","958"
"638",NA,2022,NA,NA,NA,NA,NA,NA,NA,NA,NA,"STAFFORDSHIRE","1303"
"639",NA,2022,NA,NA,NA,NA,NA,NA,NA,NA,NA,"WARWICKSHIRE","821"
"640",NA,2022,NA,NA,NA,NA,NA,NA,NA,NA,NA,"WORCESTERSHIRE","891"
"641",NA,2022,NA,NA,NA,NA,NA,NA,NA,NA,NA,"CAMBRIDGESHIRE","594"
"642",NA,2022,NA,NA,NA,NA,NA,NA,NA,NA,NA,"ESSEX","1118"
"643",NA,2022,NA,NA,NA,NA,NA,NA,NA,NA,NA,"HERTFORDSHIRE","1022"
"644",NA,2022,NA,NA,NA,NA,NA,NA,NA,NA,NA,"NORFOLK","1089"
"645",NA,2022,NA,NA,NA,NA,NA,NA,NA,NA,NA,"SUFFOLK","915"
"646",NA,2022,NA,NA,NA,NA,NA,NA,NA,NA,NA,"EAST SUSSEX","627"
"647",NA,2022,NA,NA,NA,NA,NA,NA,NA,NA,NA,"HAMPSHIRE","1726"
"648",NA,2022,NA,NA,NA,NA,NA,NA,NA,NA,NA,"KENT","1777"
"649",NA,2022,NA,NA,NA,NA,NA,NA,NA,NA,NA,"OXFORDSHIRE","855"
"650",NA,2022,NA,NA,NA,NA,NA,NA,NA,NA,NA,"SURREY","1048"
"651",NA,2022,NA,NA,NA,NA,NA,NA,NA,NA,NA,"WEST SUSSEX","861"
"652",NA,2022,NA,NA,NA,NA,NA,NA,NA,NA,NA,"BOURNEMOUTH","z"
"653",NA,2022,NA,NA,NA,NA,NA,NA,NA,NA,NA,"POOLE","z"
"654",NA,2022,NA,NA,NA,NA,NA,NA,NA,NA,NA,"ISLES OF SCILLY","0"
"655",NA,2022,NA,NA,NA,NA,NA,NA,NA,NA,NA,"DEVON","819"
"656",NA,2022,NA,NA,NA,NA,NA,NA,NA,NA,NA,"GLOUCESTERSHIRE","836"
"657",NA,2022,NA,NA,NA,NA,NA,NA,NA,NA,NA,"SOMERSET","548"
"658",NA,2021,NA,NA,NA,NA,NA,NA,NA,NA,NA,"CUMBRIA","736"
"659",NA,2021,NA,NA,NA,NA,NA,NA,NA,NA,NA,"LANCASHIRE","1995"
"660",NA,2021,NA,NA,NA,NA,NA,NA,NA,NA,NA,"NORTH YORKSHIRE","422"
"661",NA,2021,NA,NA,NA,NA,NA,NA,NA,NA,NA,"NORTH NORTHAMPTONSHIRE","z"
"662",NA,2021,NA,NA,NA,NA,NA,NA,NA,NA,NA,"WEST NORTHAMPTONSHIRE","z"
"663",NA,2021,NA,NA,NA,NA,NA,NA,NA,NA,NA,"DERBYSHIRE","899"
"664",NA,2021,NA,NA,NA,NA,NA,NA,NA,NA,NA,"LEICESTERSHIRE","706"
"665",NA,2021,NA,NA,NA,NA,NA,NA,NA,NA,NA,"LINCOLNSHIRE","680"
"666",NA,2021,NA,NA,NA,NA,NA,NA,NA,NA,NA,"NORTHAMPTONSHIRE","1144"
"667",NA,2021,NA,NA,NA,NA,NA,NA,NA,NA,NA,"NOTTINGHAMSHIRE","993"
"668",NA,2021,NA,NA,NA,NA,NA,NA,NA,NA,NA,"STAFFORDSHIRE","1242"
"669",NA,2021,NA,NA,NA,NA,NA,NA,NA,NA,NA,"WARWICKSHIRE","861"
"670",NA,2021,NA,NA,NA,NA,NA,NA,NA,NA,NA,"WORCESTERSHIRE","859"
"671",NA,2021,NA,NA,NA,NA,NA,NA,NA,NA,NA,"CAMBRIDGESHIRE","640"
"672",NA,2021,NA,NA,NA,NA,NA,NA,NA,NA,NA,"ESSEX","1080"
"673",NA,2021,NA,NA,NA,NA,NA,NA,NA,NA,NA,"HERTFORDSHIRE","991"
"674",NA,2021,NA,NA,NA,NA,NA,NA,NA,NA,NA,"NORFOLK","1083"
"675",NA,2021,NA,NA,NA,NA,NA,NA,NA,NA,NA,"SUFFOLK","946"
"676",NA,2021,NA,NA,NA,NA,NA,NA,NA,NA,NA,"EAST SUSSEX","610"
"677",NA,2021,NA,NA,NA,NA,NA,NA,NA,NA,NA,"HAMPSHIRE","1661"
"678",NA,2021,NA,NA,NA,NA,NA,NA,NA,NA,NA,"KENT","1662"
"679",NA,2021,NA,NA,NA,NA,NA,NA,NA,NA,NA,"OXFORDSHIRE","782"
"680",NA,2021,NA,NA,NA,NA,NA,NA,NA,NA,NA,"SURREY","995"
"681",NA,2021,NA,NA,NA,NA,NA,NA,NA,NA,NA,"WEST SUSSEX","891"
"682",NA,2021,NA,NA,NA,NA,NA,NA,NA,NA,NA,"BOURNEMOUTH","z"
"683",NA,2021,NA,NA,NA,NA,NA,NA,NA,NA,NA,"POOLE","z"
"684",NA,2021,NA,NA,NA,NA,NA,NA,NA,NA,NA,"DEVON","812"
"685",NA,2021,NA,NA,NA,NA,NA,NA,NA,NA,NA,"GLOUCESTERSHIRE","784"
"686",NA,2021,NA,NA,NA,NA,NA,NA,NA,NA,NA,"SOMERSET","517"
"687",NA,2020,NA,NA,NA,NA,NA,NA,NA,NA,NA,"HARTLEPOOL","311"
"688",NA,2020,NA,NA,NA,NA,NA,NA,NA,NA,NA,"MIDDLESBROUGH","618"
"689",NA,2020,NA,NA,NA,NA,NA,NA,NA,NA,NA,"REDCAR AND CLEVELAND","344"
"690",NA,2020,NA,NA,NA,NA,NA,NA,NA,NA,NA,"STOCKTON ON TEES","575"
"691",NA,2020,NA,NA,NA,NA,NA,NA,NA,NA,NA,"DARLINGTON","270"
"692",NA,2020,NA,NA,NA,NA,NA,NA,NA,NA,NA,"DURHAM","914"
"693",NA,2020,NA,NA,NA,NA,NA,NA,NA,NA,NA,"NORTHUMBERLAND","434"
"694",NA,2020,NA,NA,NA,NA,NA,NA,NA,NA,NA,"NEWCASTLE UPON TYNE","663"
"695",NA,2020,NA,NA,NA,NA,NA,NA,NA,NA,NA,"NORTH TYNESIDE","297"
"696",NA,2020,NA,NA,NA,NA,NA,NA,NA,NA,NA,"SOUTH TYNESIDE","294"
"697",NA,2020,NA,NA,NA,NA,NA,NA,NA,NA,NA,"SUNDERLAND","583"
"698",NA,2020,NA,NA,NA,NA,NA,NA,NA,NA,NA,"GATESHEAD","414"
"699",NA,2020,NA,NA,NA,NA,NA,NA,NA,NA,NA,"HALTON","277"
"700",NA,2020,NA,NA,NA,NA,NA,NA,NA,NA,NA,"WARRINGTON","364"
"701",NA,2020,NA,NA,NA,NA,NA,NA,NA,NA,NA,"BLACKBURN WITH DARWEN","411"
"702",NA,2020,NA,NA,NA,NA,NA,NA,NA,NA,NA,"BLACKPOOL","653"
"703",NA,2020,NA,NA,NA,NA,NA,NA,NA,NA,NA,"CHESHIRE EAST","534"
"704",NA,2020,NA,NA,NA,NA,NA,NA,NA,NA,NA,"CHESHIRE WEST AND CHESTER","488"
"705",NA,2020,NA,NA,NA,NA,NA,NA,NA,NA,NA,"BOLTON","632"
"706",NA,2020,NA,NA,NA,NA,NA,NA,NA,NA,NA,"BURY","342"
"707",NA,2020,NA,NA,NA,NA,NA,NA,NA,NA,NA,"MANCHESTER","1410"
"708",NA,2020,NA,NA,NA,NA,NA,NA,NA,NA,NA,"OLDHAM","522"
"709",NA,2020,NA,NA,NA,NA,NA,NA,NA,NA,NA,"ROCHDALE","535"
"710",NA,2020,NA,NA,NA,NA,NA,NA,NA,NA,NA,"SALFORD","558"
"711",NA,2020,NA,NA,NA,NA,NA,NA,NA,NA,NA,"STOCKPORT","368"
"712",NA,2020,NA,NA,NA,NA,NA,NA,NA,NA,NA,"TAMESIDE","704"
"713",NA,2020,NA,NA,NA,NA,NA,NA,NA,NA,NA,"TRAFFORD","377"
"714",NA,2020,NA,NA,NA,NA,NA,NA,NA,NA,NA,"WIGAN","534"
"715",NA,2020,NA,NA,NA,NA,NA,NA,NA,NA,NA,"KNOWSLEY","307"
"716",NA,2020,NA,NA,NA,NA,NA,NA,NA,NA,NA,"LIVERPOOL","1423"
"717",NA,2020,NA,NA,NA,NA,NA,NA,NA,NA,NA,"ST HELENS","496"
"718",NA,2020,NA,NA,NA,NA,NA,NA,NA,NA,NA,"SEFTON","566"
"719",NA,2020,NA,NA,NA,NA,NA,NA,NA,NA,NA,"WIRRAL","811"
"720",NA,2020,NA,NA,NA,NA,NA,NA,NA,NA,NA,"CUMBRIA","721"
"721",NA,2020,NA,NA,NA,NA,NA,NA,NA,NA,NA,"LANCASHIRE","2095"
"722",NA,2020,NA,NA,NA,NA,NA,NA,NA,NA,NA,"KINGSTON UPON HULL","869"
"723",NA,2020,NA,NA,NA,NA,NA,NA,NA,NA,NA,"EAST RIDING OF YORKSHIRE","340"
"724",NA,2020,NA,NA,NA,NA,NA,NA,NA,NA,NA,"NORTH EAST LINCOLNSHIRE","572"
"725",NA,2020,NA,NA,NA,NA,NA,NA,NA,NA,NA,"NORTH LINCOLNSHIRE","231"
"726",NA,2020,NA,NA,NA,NA,NA,NA,NA,NA,NA,"YORK","263"
"727",NA,2020,NA,NA,NA,NA,NA,NA,NA,NA,NA,"BARNSLEY","300"
"728",NA,2020,NA,NA,NA,NA,NA,NA,NA,NA,NA,"DONCASTER","506"
"729",NA,2020,NA,NA,NA,NA,NA,NA,NA,NA,NA,"ROTHERHAM","595"
"730",NA,2020,NA,NA,NA,NA,NA,NA,NA,NA,NA,"SHEFFIELD","628"
"731",NA,2020,NA,NA,NA,NA,NA,NA,NA,NA,NA,"BRADFORD","1246"
"732",NA,2020,NA,NA,NA,NA,NA,NA,NA,NA,NA,"CALDERDALE","330"
"733",NA,2020,NA,NA,NA,NA,NA,NA,NA,NA,NA,"KIRKLEES","665"
"734",NA,2020,NA,NA,NA,NA,NA,NA,NA,NA,NA,"LEEDS","1344"
"735",NA,2020,NA,NA,NA,NA,NA,NA,NA,NA,NA,"WAKEFIELD","635"
"736",NA,2020,NA,NA,NA,NA,NA,NA,NA,NA,NA,"NORTH YORKSHIRE","443"
"737",NA,2020,NA,NA,NA,NA,NA,NA,NA,NA,NA,"DERBY","588"
"738",NA,2020,NA,NA,NA,NA,NA,NA,NA,NA,NA,"LEICESTER","608"
"739",NA,2020,NA,NA,NA,NA,NA,NA,NA,NA,NA,"RUTLAND","43"
"740",NA,2020,NA,NA,NA,NA,NA,NA,NA,NA,NA,"NOTTINGHAM","656"
"741",NA,2020,NA,NA,NA,NA,NA,NA,NA,NA,NA,"NORTH NORTHAMPTONSHIRE","z"
"742",NA,2020,NA,NA,NA,NA,NA,NA,NA,NA,NA,"WEST NORTHAMPTONSHIRE","z"
"743",NA,2020,NA,NA,NA,NA,NA,NA,NA,NA,NA,"DERBYSHIRE","862"
"744",NA,2020,NA,NA,NA,NA,NA,NA,NA,NA,NA,"LEICESTERSHIRE","654"
"745",NA,2020,NA,NA,NA,NA,NA,NA,NA,NA,NA,"LINCOLNSHIRE","622"
"746",NA,2020,NA,NA,NA,NA,NA,NA,NA,NA,NA,"NORTHAMPTONSHIRE","1157"
"747",NA,2020,NA,NA,NA,NA,NA,NA,NA,NA,NA,"NOTTINGHAMSHIRE","909"
"748",NA,2020,NA,NA,NA,NA,NA,NA,NA,NA,NA,"HEREFORDSHIRE","351"
"749",NA,2020,NA,NA,NA,NA,NA,NA,NA,NA,NA,"TELFORD AND WREKIN","403"
"750",NA,2020,NA,NA,NA,NA,NA,NA,NA,NA,NA,"STOKE ON TRENT","917"
"751",NA,2020,NA,NA,NA,NA,NA,NA,NA,NA,NA,"SHROPSHIRE","399"
"752",NA,2020,NA,NA,NA,NA,NA,NA,NA,NA,NA,"BIRMINGHAM","1915"
"753",NA,2020,NA,NA,NA,NA,NA,NA,NA,NA,NA,"COVENTRY","698"
"754",NA,2020,NA,NA,NA,NA,NA,NA,NA,NA,NA,"DUDLEY","623"
"755",NA,2020,NA,NA,NA,NA,NA,NA,NA,NA,NA,"SANDWELL","863"
"756",NA,2020,NA,NA,NA,NA,NA,NA,NA,NA,NA,"SOLIHULL","463"
"757",NA,2020,NA,NA,NA,NA,NA,NA,NA,NA,NA,"WALSALL","669"
"758",NA,2020,NA,NA,NA,NA,NA,NA,NA,NA,NA,"WOLVERHAMPTON","588"
"759",NA,2020,NA,NA,NA,NA,NA,NA,NA,NA,NA,"STAFFORDSHIRE","1218"
"760",NA,2020,NA,NA,NA,NA,NA,NA,NA,NA,NA,"WARWICKSHIRE","755"
"761",NA,2020,NA,NA,NA,NA,NA,NA,NA,NA,NA,"WORCESTERSHIRE","819"
"762",NA,2020,NA,NA,NA,NA,NA,NA,NA,NA,NA,"PETERBOROUGH","369"
"763",NA,2020,NA,NA,NA,NA,NA,NA,NA,NA,NA,"LUTON","385"
"764",NA,2020,NA,NA,NA,NA,NA,NA,NA,NA,NA,"SOUTHEND ON SEA","309"
"765",NA,2020,NA,NA,NA,NA,NA,NA,NA,NA,NA,"THURROCK","297"
"766",NA,2020,NA,NA,NA,NA,NA,NA,NA,NA,NA,"BEDFORD","253"
"767",NA,2020,NA,NA,NA,NA,NA,NA,NA,NA,NA,"CENTRAL BEDFORDSHIRE","316"
"768",NA,2020,NA,NA,NA,NA,NA,NA,NA,NA,NA,"CAMBRIDGESHIRE","717"
"769",NA,2020,NA,NA,NA,NA,NA,NA,NA,NA,NA,"ESSEX","1073"
"770",NA,2020,NA,NA,NA,NA,NA,NA,NA,NA,NA,"HERTFORDSHIRE","948"
"771",NA,2020,NA,NA,NA,NA,NA,NA,NA,NA,NA,"NORFOLK","1105"
"772",NA,2020,NA,NA,NA,NA,NA,NA,NA,NA,NA,"SUFFOLK","936"
"773",NA,2020,NA,NA,NA,NA,NA,NA,NA,NA,NA,"MEDWAY","426"
"774",NA,2020,NA,NA,NA,NA,NA,NA,NA,NA,NA,"BRACKNELL FOREST","142"
"775",NA,2020,NA,NA,NA,NA,NA,NA,NA,NA,NA,"WEST BERKSHIRE","156"
"776",NA,2020,NA,NA,NA,NA,NA,NA,NA,NA,NA,"READING","277"
"777",NA,2020,NA,NA,NA,NA,NA,NA,NA,NA,NA,"SLOUGH","195"
"778",NA,2020,NA,NA,NA,NA,NA,NA,NA,NA,NA,"WINDSOR AND MAIDENHEAD","116"
"779",NA,2020,NA,NA,NA,NA,NA,NA,NA,NA,NA,"WOKINGHAM","98"
"780",NA,2020,NA,NA,NA,NA,NA,NA,NA,NA,NA,"MILTON KEYNES","403"
"781",NA,2020,NA,NA,NA,NA,NA,NA,NA,NA,NA,"BRIGHTON AND HOVE","371"
"782",NA,2020,NA,NA,NA,NA,NA,NA,NA,NA,NA,"PORTSMOUTH","468"
"783",NA,2020,NA,NA,NA,NA,NA,NA,NA,NA,NA,"SOUTHAMPTON","486"
"784",NA,2020,NA,NA,NA,NA,NA,NA,NA,NA,NA,"ISLE OF WIGHT","261"
"785",NA,2020,NA,NA,NA,NA,NA,NA,NA,NA,NA,"BUCKINGHAMSHIRE","484"
"786",NA,2020,NA,NA,NA,NA,NA,NA,NA,NA,NA,"EAST SUSSEX","580"
"787",NA,2020,NA,NA,NA,NA,NA,NA,NA,NA,NA,"HAMPSHIRE","1601"
"788",NA,2020,NA,NA,NA,NA,NA,NA,NA,NA,NA,"KENT","1806"
"789",NA,2020,NA,NA,NA,NA,NA,NA,NA,NA,NA,"OXFORDSHIRE","767"
"790",NA,2020,NA,NA,NA,NA,NA,NA,NA,NA,NA,"SURREY","983"
"791",NA,2020,NA,NA,NA,NA,NA,NA,NA,NA,NA,"WEST SUSSEX","806"
"792",NA,2020,NA,NA,NA,NA,NA,NA,NA,NA,NA,"BATH AND NORTH EAST SOMERSET","180"
"793",NA,2020,NA,NA,NA,NA,NA,NA,NA,NA,NA,"BRISTOL","622"
"794",NA,2020,NA,NA,NA,NA,NA,NA,NA,NA,NA,"NORTH SOMERSET","231"
"795",NA,2020,NA,NA,NA,NA,NA,NA,NA,NA,NA,"SOUTH GLOUCESTERSHIRE","210"
"796",NA,2020,NA,NA,NA,NA,NA,NA,NA,NA,NA,"PLYMOUTH","434"
"797",NA,2020,NA,NA,NA,NA,NA,NA,NA,NA,NA,"TORBAY","354"
"798",NA,2020,NA,NA,NA,NA,NA,NA,NA,NA,NA,"BOURNEMOUTH","z"
"799",NA,2020,NA,NA,NA,NA,NA,NA,NA,NA,NA,"POOLE","z"
"800",NA,2020,NA,NA,NA,NA,NA,NA,NA,NA,NA,"SWINDON","301"
"801",NA,2020,NA,NA,NA,NA,NA,NA,NA,NA,NA,"CORNWALL","474"
"802",NA,2020,NA,NA,NA,NA,NA,NA,NA,NA,NA,"ISLES OF SCILLY","c"
"803",NA,2020,NA,NA,NA,NA,NA,NA,NA,NA,NA,"WILTSHIRE","458"
"804",NA,2020,NA,NA,NA,NA,NA,NA,NA,NA,NA,"BOURNEMOUTH CHRISTCHURCH AND POOLE","506"
"805",NA,2020,NA,NA,NA,NA,NA,NA,NA,NA,NA,"DEVON","749"
"806",NA,2020,NA,NA,NA,NA,NA,NA,NA,NA,NA,"GLOUCESTERSHIRE","730"
"807",NA,2020,NA,NA,NA,NA,NA,NA,NA,NA,NA,"SOMERSET","529"
"808",NA,2020,NA,NA,NA,NA,NA,NA,NA,NA,NA,"CAMDEN","189"
"809",NA,2020,NA,NA,NA,NA,NA,NA,NA,NA,NA,"HACKNEY","431"
"810",NA,2020,NA,NA,NA,NA,NA,NA,NA,NA,NA,"HAMMERSMITH AND FULHAM","256"
"811",NA,2020,NA,NA,NA,NA,NA,NA,NA,NA,NA,"HARINGEY","403"
"812",NA,2020,NA,NA,NA,NA,NA,NA,NA,NA,NA,"ISLINGTON","365"
"813",NA,2020,NA,NA,NA,NA,NA,NA,NA,NA,NA,"KENSINGTON AND CHELSEA","106"
"814",NA,2020,NA,NA,NA,NA,NA,NA,NA,NA,NA,"LAMBETH","361"
"815",NA,2020,NA,NA,NA,NA,NA,NA,NA,NA,NA,"LEWISHAM","473"
"816",NA,2020,NA,NA,NA,NA,NA,NA,NA,NA,NA,"NEWHAM","411"
"817",NA,2020,NA,NA,NA,NA,NA,NA,NA,NA,NA,"SOUTHWARK","458"
"818",NA,2020,NA,NA,NA,NA,NA,NA,NA,NA,NA,"TOWER HAMLETS","307"
"819",NA,2020,NA,NA,NA,NA,NA,NA,NA,NA,NA,"WANDSWORTH","277"
"820",NA,2020,NA,NA,NA,NA,NA,NA,NA,NA,NA,"WESTMINSTER","220"
"821",NA,2020,NA,NA,NA,NA,NA,NA,NA,NA,NA,"BARKING AND DAGENHAM","402"
"822",NA,2020,NA,NA,NA,NA,NA,NA,NA,NA,NA,"BARNET","327"
"823",NA,2020,NA,NA,NA,NA,NA,NA,NA,NA,NA,"BEXLEY","221"
"824",NA,2020,NA,NA,NA,NA,NA,NA,NA,NA,NA,"BRENT","299"
"825",NA,2020,NA,NA,NA,NA,NA,NA,NA,NA,NA,"BROMLEY","330"
"826",NA,2020,NA,NA,NA,NA,NA,NA,NA,NA,NA,"CROYDON","791"
"827",NA,2020,NA,NA,NA,NA,NA,NA,NA,NA,NA,"EALING","332"
"828",NA,2020,NA,NA,NA,NA,NA,NA,NA,NA,NA,"ENFIELD","372"
"829",NA,2020,NA,NA,NA,NA,NA,NA,NA,NA,NA,"GREENWICH","461"
"830",NA,2020,NA,NA,NA,NA,NA,NA,NA,NA,NA,"HARROW","186"
"831",NA,2020,NA,NA,NA,NA,NA,NA,NA,NA,NA,"HAVERING","232"
"832",NA,2020,NA,NA,NA,NA,NA,NA,NA,NA,NA,"HILLINGDON","338"
"833",NA,2020,NA,NA,NA,NA,NA,NA,NA,NA,NA,"HOUNSLOW","269"
"834",NA,2020,NA,NA,NA,NA,NA,NA,NA,NA,NA,"KINGSTON UPON THAMES","125"
"835",NA,2020,NA,NA,NA,NA,NA,NA,NA,NA,NA,"MERTON","154"
"836",NA,2020,NA,NA,NA,NA,NA,NA,NA,NA,NA,"REDBRIDGE","237"
"837",NA,2020,NA,NA,NA,NA,NA,NA,NA,NA,NA,"RICHMOND UPON THAMES","123"
"838",NA,2020,NA,NA,NA,NA,NA,NA,NA,NA,NA,"SUTTON","234"
"839",NA,2020,NA,NA,NA,NA,NA,NA,NA,NA,NA,"WALTHAM FOREST","304"
"840",NA,2019,NA,NA,NA,NA,NA,NA,NA,NA,NA,"HARTLEPOOL","285"
"841",NA,2019,NA,NA,NA,NA,NA,NA,NA,NA,NA,"STOCKTON ON TEES","500"
"842",NA,2019,NA,NA,NA,NA,NA,NA,NA,NA,NA,"WIGAN","448"
"843",NA,2019,NA,NA,NA,NA,NA,NA,NA,NA,NA,"ST HELENS","466"
"844",NA,2019,NA,NA,NA,NA,NA,NA,NA,NA,NA,"CUMBRIA","683"
"845",NA,2019,NA,NA,NA,NA,NA,NA,NA,NA,NA,"LANCASHIRE","2115"
"846",NA,2019,NA,NA,NA,NA,NA,NA,NA,NA,NA,"KINGSTON UPON HULL","793"
"847",NA,2019,NA,NA,NA,NA,NA,NA,NA,NA,NA,"NORTH YORKSHIRE","430"
"848",NA,2019,NA,NA,NA,NA,NA,NA,NA,NA,NA,"NORTH NORTHAMPTONSHIRE","z"
"849",NA,2019,NA,NA,NA,NA,NA,NA,NA,NA,NA,"WEST NORTHAMPTONSHIRE","z"
"850",NA,2019,NA,NA,NA,NA,NA,NA,NA,NA,NA,"DERBYSHIRE","801"
"851",NA,2019,NA,NA,NA,NA,NA,NA,NA,NA,NA,"LEICESTERSHIRE","583"
"852",NA,2019,NA,NA,NA,NA,NA,NA,NA,NA,NA,"LINCOLNSHIRE","611"
"853",NA,2019,NA,NA,NA,NA,NA,NA,NA,NA,NA,"NORTHAMPTONSHIRE","1123"
"854",NA,2019,NA,NA,NA,NA,NA,NA,NA,NA,NA,"NOTTINGHAMSHIRE","862"
"855",NA,2019,NA,NA,NA,NA,NA,NA,NA,NA,NA,"HEREFORDSHIRE","332"
"856",NA,2019,NA,NA,NA,NA,NA,NA,NA,NA,NA,"STOKE ON TRENT","851"
"857",NA,2019,NA,NA,NA,NA,NA,NA,NA,NA,NA,"STAFFORDSHIRE","1173"
"858",NA,2019,NA,NA,NA,NA,NA,NA,NA,NA,NA,"WARWICKSHIRE","722"
"859",NA,2019,NA,NA,NA,NA,NA,NA,NA,NA,NA,"WORCESTERSHIRE","833"
"860",NA,2019,NA,NA,NA,NA,NA,NA,NA,NA,NA,"SOUTHEND ON SEA","306"
"861",NA,2019,NA,NA,NA,NA,NA,NA,NA,NA,NA,"CAMBRIDGESHIRE","773"
"862",NA,2019,NA,NA,NA,NA,NA,NA,NA,NA,NA,"ESSEX","1060"
"863",NA,2019,NA,NA,NA,NA,NA,NA,NA,NA,NA,"HERTFORDSHIRE","929"
"864",NA,2019,NA,NA,NA,NA,NA,NA,NA,NA,NA,"NORFOLK","1186"
"865",NA,2019,NA,NA,NA,NA,NA,NA,NA,NA,NA,"SUFFOLK","865"
"866",NA,2019,NA,NA,NA,NA,NA,NA,NA,NA,NA,"BUCKINGHAMSHIRE","514"
"867",NA,2019,NA,NA,NA,NA,NA,NA,NA,NA,NA,"EAST SUSSEX","589"
"868",NA,2019,NA,NA,NA,NA,NA,NA,NA,NA,NA,"HAMPSHIRE","1664"
"869",NA,2019,NA,NA,NA,NA,NA,NA,NA,NA,NA,"KENT","1588"
"870",NA,2019,NA,NA,NA,NA,NA,NA,NA,NA,NA,"OXFORDSHIRE","779"
"871",NA,2019,NA,NA,NA,NA,NA,NA,NA,NA,NA,"SURREY","970"
"872",NA,2019,NA,NA,NA,NA,NA,NA,NA,NA,NA,"WEST SUSSEX","705"
"873",NA,2019,NA,NA,NA,NA,NA,NA,NA,NA,NA,"BRISTOL","617"
"874",NA,2019,NA,NA,NA,NA,NA,NA,NA,NA,NA,"ISLES OF SCILLY","0"
"875",NA,2019,NA,NA,NA,NA,NA,NA,NA,NA,NA,"BOURNEMOUTH CHRISTCHURCH AND POOLE","z"
"876",NA,2019,NA,NA,NA,NA,NA,NA,NA,NA,NA,"DEVON","750"
"877",NA,2019,NA,NA,NA,NA,NA,NA,NA,NA,NA,"GLOUCESTERSHIRE","716"
"878",NA,2019,NA,NA,NA,NA,NA,NA,NA,NA,NA,"SOMERSET","532"
"879",NA,2018,NA,NA,NA,NA,NA,NA,NA,NA,NA,"MIDDLESBROUGH","466"
"880",NA,2018,NA,NA,NA,NA,NA,NA,NA,NA,NA,"STOCKTON ON TEES","468"
"881",NA,2018,NA,NA,NA,NA,NA,NA,NA,NA,NA,"ST HELENS","442"
"882",NA,2018,NA,NA,NA,NA,NA,NA,NA,NA,NA,"WIRRAL","834"
"883",NA,2018,NA,NA,NA,NA,NA,NA,NA,NA,NA,"CUMBRIA","666"
"884",NA,2018,NA,NA,NA,NA,NA,NA,NA,NA,NA,"LANCASHIRE","1950"
"885",NA,2018,NA,NA,NA,NA,NA,NA,NA,NA,NA,"KINGSTON UPON HULL","757"
"886",NA,2018,NA,NA,NA,NA,NA,NA,NA,NA,NA,"NORTH YORKSHIRE","437"
"887",NA,2018,NA,NA,NA,NA,NA,NA,NA,NA,NA,"NORTH NORTHAMPTONSHIRE","z"
"888",NA,2018,NA,NA,NA,NA,NA,NA,NA,NA,NA,"WEST NORTHAMPTONSHIRE","z"
"889",NA,2018,NA,NA,NA,NA,NA,NA,NA,NA,NA,"DERBYSHIRE","709"
"890",NA,2018,NA,NA,NA,NA,NA,NA,NA,NA,NA,"LEICESTERSHIRE","554"
"891",NA,2018,NA,NA,NA,NA,NA,NA,NA,NA,NA,"LINCOLNSHIRE","656"
"892",NA,2018,NA,NA,NA,NA,NA,NA,NA,NA,NA,"NORTHAMPTONSHIRE","1092"
"893",NA,2018,NA,NA,NA,NA,NA,NA,NA,NA,NA,"NOTTINGHAMSHIRE","790"
"894",NA,2018,NA,NA,NA,NA,NA,NA,NA,NA,NA,"HEREFORDSHIRE","313"
"895",NA,2018,NA,NA,NA,NA,NA,NA,NA,NA,NA,"STOKE ON TRENT","740"
"896",NA,2018,NA,NA,NA,NA,NA,NA,NA,NA,NA,"STAFFORDSHIRE","1099"
"897",NA,2018,NA,NA,NA,NA,NA,NA,NA,NA,NA,"WARWICKSHIRE","717"
"898",NA,2018,NA,NA,NA,NA,NA,NA,NA,NA,NA,"WORCESTERSHIRE","796"
"899",NA,2018,NA,NA,NA,NA,NA,NA,NA,NA,NA,"SOUTHEND ON SEA","289"
"900",NA,2018,NA,NA,NA,NA,NA,NA,NA,NA,NA,"CAMBRIDGESHIRE","700"
"901",NA,2018,NA,NA,NA,NA,NA,NA,NA,NA,NA,"ESSEX","1016"
"902",NA,2018,NA,NA,NA,NA,NA,NA,NA,NA,NA,"HERTFORDSHIRE","891"
"903",NA,2018,NA,NA,NA,NA,NA,NA,NA,NA,NA,"NORFOLK","1182"
"904",NA,2018,NA,NA,NA,NA,NA,NA,NA,NA,NA,"SUFFOLK","854"
"905",NA,2018,NA,NA,NA,NA,NA,NA,NA,NA,NA,"BUCKINGHAMSHIRE","472"
"906",NA,2018,NA,NA,NA,NA,NA,NA,NA,NA,NA,"EAST SUSSEX","601"
"907",NA,2018,NA,NA,NA,NA,NA,NA,NA,NA,NA,"HAMPSHIRE","1593"
"908",NA,2018,NA,NA,NA,NA,NA,NA,NA,NA,NA,"KENT","1641"
"909",NA,2018,NA,NA,NA,NA,NA,NA,NA,NA,NA,"OXFORDSHIRE","684"
"910",NA,2018,NA,NA,NA,NA,NA,NA,NA,NA,NA,"SURREY","930"
"911",NA,2018,NA,NA,NA,NA,NA,NA,NA,NA,NA,"WEST SUSSEX","704"
"912",NA,2018,NA,NA,NA,NA,NA,NA,NA,NA,NA,"BRISTOL","639"
"913",NA,2018,NA,NA,NA,NA,NA,NA,NA,NA,NA,"SOUTH GLOUCESTERSHIRE","194"
"914",NA,2018,NA,NA,NA,NA,NA,NA,NA,NA,NA,"ISLES OF SCILLY","0"
"915",NA,2018,NA,NA,NA,NA,NA,NA,NA,NA,NA,"BOURNEMOUTH CHRISTCHURCH AND POOLE","z"
"916",NA,2018,NA,NA,NA,NA,NA,NA,NA,NA,NA,"DEVON","698"
"917",NA,2018,NA,NA,NA,NA,NA,NA,NA,NA,NA,"GLOUCESTERSHIRE","656"
"918",NA,2018,NA,NA,NA,NA,NA,NA,NA,NA,NA,"SOMERSET","516"
